Symbol,Sector,Mktcap,28-Apr,05-May,12-May,19-May,26-May,02-Jun,09-Jun,16-Jun,23-Jun,30-Jun,BreakoutCount
63MOONS,IT - Software/Consulting,SmallCap,Other,Other,Breakout,Other,Other,Other,Breakout,Other,Breakout,Other,3
AARTIDRUGS,Healthcare - API/Drug,SmallCap,Other,Breakout,Other,Other,Other,Other,Other,Other,Other,Other,1
AARTIIND,Chemicals - Specialty - Diversified,SmallCap,Other,Breakout,Other,Other,Other,Other,Other,Other,Other,Other,1
ABBOTINDIA,Healthcare - Formulations - OTC,MidCap,Other,Other,Other,Breakout,Other,Breakout,Other,Other,Breakout,Other,3
ABCAPITAL,Financials - Diversified,MidCap,Other,Other,Breakout,Other,Other,Other,Breakout,Breakout,Other,Other,3
ABDL,Beverages - Alcohol,SmallCap,Other,Other,Breakout,Other,Other,Other,Other,Other,Other,Other,1
ABFRL,Textiles - Fashion Retail,MidCap,Other,Other,Breakout,Breakdown,Breakdown,Breakdown,Other,Other,Other,Other,1
ABREL,Paper,SmallCap,Other,Other,Other,Other,Other,Breakout,Breakout,Other,Other,Other,2
ABSLAMC,Financials - AMC,SmallCap,Other,Other,Breakout,Other,Other,Other,Other,Other,Other,Other,1
ACCELYA,IT - Software/Consulting,SmallCap,Other,Other,Other,Other,Other,Other,Breakout,Other,Other,Other,1
ACE,Auto - Construction,SmallCap,Other,Other,Other,Breakout,Other,Other,Other,Other,Other,Other,1
ACLGATI,Transport - Logistics,SmallCap,Other,Other,Other,Other,Other,Other,Breakout,Other,Other,Other,1
ACMESOLAR,Power - Green - IPP,SmallCap,Other,Other,Other,Breakout,Breakout,Other,Other,Other,Other,Other,2
ADANIPORTS,Infra - Ports,LargeCap,Breakout,Breakout,Other,Other,Other,Other,Other,Other,Other,Other,2
ADANIPOWER,Power - Generation,LargeCap,Other,Other,Other,Other,Other,Other,Breakout,Other,Other,Other,1
ADFFOODS,Consumption - Foods/Drinks,SmallCap,Other,Other,Other,Other,Other,Breakout,Breakout,Other,Other,Other,2
ADOR,Industial Products - Fabrication,SmallCap,Other,Other,Other,Other,Other,Other,Breakout,Other,Other,Breakout,2
ADSL,IT - Services,SmallCap,Other,Other,Other,Other,Breakout,Other,Other,Other,Other,Other,1
ADVENZYMES,Healthcare - Biotech,SmallCap,Other,Other,Other,Other,Breakout,Other,Breakout,Breakout,Other,Other,3
AEROFLEX,Metals - Pipe & Tube,SmallCap,Other,Other,Other,Other,Other,Other,Other,Breakout,Breakout,Other,2
AFFLE,IT - Services,SmallCap,Other,Other,Breakout,Other,Other,Other,Breakout,Other,Other,Other,2
AFSL,Financials - Broking,SmallCap,Other,Breakout,Other,Other,Other,Other,Breakout,Other,Other,Other,2
AGIIL,Real Estate,SmallCap,Other,Breakdown,Other,Other,Other,Breakout,Other,Other,Breakout,Other,2
AHLUCONT,Infra - Residential & Commercial Buildings,SmallCap,Other,Other,Other,Other,Other,Other,Other,Other,Breakout,Other,1
AIAENG,Metals - Casting/Forging,MidCap,Other,Other,Other,Other,Breakout,Other,Other,Other,Other,Other,1
AIIL,Financials - NBFC,SmallCap,Other,Other,Breakout,Other,Breakout,Other,Other,Other,Other,Other,2
AJMERA,Real Estate,SmallCap,Other,Other,Other,Other,Other,Breakout,Breakout,Other,Other,Other,2
AKUMS,Healthcare - CRAMS/CDMO,SmallCap,Other,Other,Other,Other,Other,Other,Other,Other,Breakout,Other,1
ALEMBICLTD,Healthcare - API/Drug,SmallCap,Other,Other,Other,Other,Other,Other,Breakout,Other,Other,Breakout,2
ALICON,Auto - Drivetrain,SmallCap,Other,Other,Other,Breakout,Other,Other,Other,Other,Other,Other,1
ALKEM,Healthcare - Formulations,MidCap,Other,Other,Other,Breakout,Other,Other,Other,Other,Other,Other,1
ALKYLAMINE,Chemicals - Specialty - Pharma,SmallCap,Other,Other,Other,Other,Other,Other,Other,Breakout,Breakout,Other,2
AMBER,Consumption - Appliances,SmallCap,Other,Other,Other,Other,Other,Other,Other,Other,Other,Breakout,1
AMNPLST,Chemicals - Specialty - Plastics,SmallCap,Other,Other,Other,Other,Other,Other,Breakout,Other,Other,Other,1
AMRUTANJAN,Healthcare - Naturals/OTC/Consumers,SmallCap,Breakout,Other,Other,Other,Other,Other,Other,Other,Other,Other,1
ANANDRATHI,Financials - WMC,SmallCap,Other,Other,Other,Other,Other,Breakout,Other,Breakout,Other,Other,2
ANDHRSUGAR,Chemicals - Bulk,SmallCap,Other,Other,Other,Other,Other,Other,Other,Other,Breakout,Other,1
ANGELONE,Financials - Broking,SmallCap,Other,Other,Other,Breakout,Other,Other,Other,Other,Other,Other,1
ANUHPHR,Healthcare - API/Drug,SmallCap,Other,Other,Other,Breakout,Other,Other,Breakout,Other,Other,Other,2
ANURAS,Chemicals - Specialty - Pharma,SmallCap,Other,Other,Other,Other,Other,Other,Breakout,Other,Other,Other,1
APARINDS,Power - Equipment,MidCap,Other,Other,Breakout,Other,Other,Other,Other,Other,Other,Other,1
APLAPOLLO,Metals - Pipe & Tube,MidCap,Other,Breakout,Other,Other,Other,Other,Other,Other,Other,Other,1
APLLTD,Healthcare - Formulations,SmallCap,Other,Other,Other,Breakout,Other,Other,Other,Other,Other,Other,1
APOLLO,Defense - Technology & Electronics,SmallCap,Other,Breakout,Breakout,Other,Breakout,Other,Other,Other,Other,Other,3
APOLLOHOSP,Healthcare - Hospitals,LargeCap,Other,Other,Other,Other,Other,Other,Other,Other,Other,Breakout,1
APOLLOPIPE,Infra - Plastic Products,SmallCap,Other,Other,Other,Breakout,Other,Other,Other,Other,Other,Other,1
APOLLOTYRE,Auto - Tyres,MidCap,Other,Other,Breakout,Other,Other,Other,Other,Other,Other,Other,1
APTUS,Financials - Housing,SmallCap,Other,Other,Breakout,Other,Other,Other,Other,Other,Other,Other,1
ARIHANTSUP,Real Estate,SmallCap,Other,Breakdown,Other,Other,Other,Other,Other,Other,Other,Breakout,1
ARKADE,Real Estate,SmallCap,Other,Other,Other,Breakout,Breakout,Other,Other,Other,Other,Other,2
ARMANFIN,Financials - NBFC,SmallCap,Other,Other,Other,Other,Other,Other,Breakout,Breakout,Other,Other,2
ASAHIINDIA,Auto - Glass/Body,SmallCap,Other,Other,Other,Other,Other,Other,Other,Other,Other,Breakout,1
ASHAPURMIN,Mining - Coal/Minerals,SmallCap,Other,Other,Breakout,Other,Breakout,Other,Other,Other,Other,Other,2
ASHOKA,Infra - Road & Highways,SmallCap,Other,Other,Other,Other,Breakout,Other,Other,Other,Other,Other,1
ASHOKLEY,Auto - CV,MidCap,Other,Other,Other,Breakout,Other,Other,Other,Other,Other,Other,1
ASIANENE,Oil and Gas - Field Services,SmallCap,Other,Other,Breakout,Other,Other,Other,Other,Other,Other,Other,1
ASKAUTOLTD,Auto - Electricals & Batteries,SmallCap,Other,Other,Other,Other,Other,Breakout,Other,Breakout,Breakout,Other,3
ASTEC,Agrochem - Pesticides,SmallCap,Other,Other,Other,Other,Other,Breakout,Other,Other,Breakout,Other,2
ASTERDM,Healthcare - Hospitals,SmallCap,Other,Other,Other,Other,Other,Other,Other,Other,Other,Breakout,1
ASTRAL,Infra - Plastic Products,MidCap,Other,Other,Other,Breakout,Breakout,Other,Other,Other,Other,Other,2
ASTRAMICRO,Defense - Technology & Electronics,SmallCap,Breakout,Breakout,Breakout,Breakout,Breakout,Other,Other,Other,Other,Other,5
ASTRAZEN,Healthcare - Formulations - Specialty,SmallCap,Other,Other,Other,Other,Other,Breakout,Other,Other,Other,Other,1
AURUM,IT - Services,SmallCap,Other,Other,Other,Other,Breakout,Other,Breakout,Other,Other,Other,2
AUTOAXLES,Auto - Suspension & Axles,SmallCap,Other,Other,Other,Breakout,Other,Other,Other,Other,Other,Other,1
AVANTEL,Defense - Technology & Electronics,SmallCap,Other,Breakdown,Other,Other,Breakout,Breakout,Other,Other,Other,Other,2
AWFIS,HR Services / Outsourcing & Workplace Solutions,SmallCap,Other,Other,Other,Other,Other,Breakout,Other,Other,Other,Other,1
AWHCL,Industial Products - Water/Waster Management,SmallCap,Other,Other,Breakout,Other,Breakout,Other,Other,Other,Other,Other,2
AXISCADES,IT - Services,SmallCap,Other,Other,Other,Breakout,Breakout,Breakout,Other,Other,Other,Other,3
AYMSYNTEX,Textiles - Mfg (Spin/Yarn/Integrated),SmallCap,Other,Other,Other,Other,Other,Breakout,Other,Other,Other,Other,1
AZAD,Industial Products - Precision Components,SmallCap,Other,Breakout,Other,Other,Other,Other,Other,Other,Other,Other,1
BAJAJ-AUTO,Auto - 2W,LargeCap,Other,Other,Other,Breakout,Other,Other,Other,Other,Other,Other,1
BAJAJCON,Consumption - Personal,SmallCap,Other,Other,Other,Other,Other,Other,Other,Other,Breakout,Breakout,2
BAJAJELEC,Consumption - Appliances,SmallCap,Other,Other,Breakout,Other,Other,Other,Other,Other,Other,Other,1
BAJAJHLDNG,Financials - Holding/Investing,LargeCap,Other,Other,Other,Breakout,Other,Breakout,Other,Other,Other,Other,2
BAJAJINDEF,Industial Products - Material Handling/Mining,SmallCap,Other,Other,Other,Other,Other,Breakout,Breakout,Other,Other,Other,2
BAJEL,Power - EPC,SmallCap,Other,Other,Breakout,Breakout,Other,Other,Other,Other,Other,Other,2
BALAJITELE,Media - Entertainment,SmallCap,Other,Other,Other,Breakout,Other,Other,Other,Other,Other,Other,1
BALAMINES,Chemicals - Specialty - Pharma,SmallCap,Other,Other,Other,Other,Other,Other,Other,Other,Breakout,Other,1
BALMLAWRIE,Others,SmallCap,Breakout,Other,Other,Other,Other,Other,Other,Other,Other,Other,1
BALUFORGE,Metals - Casting/Forging,SmallCap,Other,Other,Other,Other,Breakout,Other,Other,Other,Other,Other,1
BANARISUG,Agri - Sugar,SmallCap,Breakout,Other,Other,Other,Other,Other,Other,Other,Other,Other,1
BANCOINDIA,Auto - Drivetrain,SmallCap,Other,Other,Other,Breakout,Other,Other,Other,Other,Other,Other,1
BANDHANBNK,Financials - Private Bank,MidCap,Other,Other,Other,Other,Other,Other,Breakout,Other,Other,Other,1
BARBEQUE,Leisure - Restaurants,SmallCap,Breakout,Other,Other,Other,Other,Other,Other,Other,Other,Other,1
BASF,Chemicals - Specialty - Diversified,SmallCap,Other,Other,Other,Breakout,Other,Other,Other,Other,Other,Other,1
BATAINDIA,Consumption - Footwear,SmallCap,Other,Other,Breakout,Breakout,Other,Other,Other,Other,Other,Other,2
BAYERCROP,Agrochem - Pesticides,SmallCap,Other,Other,Other,Other,Breakout,Other,Other,Other,Other,Other,1
BBOX,IT - Services,SmallCap,Other,Other,Other,Other,Breakout,Other,Other,Other,Other,Other,1
BBTC,Consumption - FMCG Conglomerates ,SmallCap,Other,Other,Other,Breakout,Other,Other,Other,Other,Other,Other,1
BDL,Defense - Mfg,MidCap,Breakout,Breakout,Breakout,Breakout,Breakout,Other,Other,Other,Other,Other,5
BEL,Defense - Technology & Electronics,LargeCap,Other,Other,Breakout,Breakout,Other,Other,Other,Breakout,Other,Other,3
BEML,Defense - Mfg,SmallCap,Other,Other,Breakout,Breakout,Breakout,Other,Other,Breakout,Other,Other,4
BERGEPAINT,Consumption - Paints,MidCap,Other,Other,Other,Other,Other,Other,Other,Other,Breakout,Other,1
BHAGCHEM,Agrochem - Pesticides,SmallCap,Other,Other,Other,Other,Breakout,Other,Other,Other,Other,Other,1
BHARATWIRE,Metals - Wires,SmallCap,Other,Other,Other,Other,Other,Breakout,Other,Other,Other,Other,1
BHARTIHEXA,Telecom - Mobile/FixedLine,MidCap,Other,Other,Other,Other,Other,Other,Other,Other,Breakout,Other,1
BHEL,Power - Equipment,MidCap,Other,Other,Breakout,Other,Other,Other,Other,Other,Other,Other,1
BIOCON,Healthcare - Biotech,MidCap,Other,Other,Other,Other,Other,Other,Breakout,Other,Other,Other,1
BIRLACORPN,Infra - Cement,SmallCap,Other,Other,Breakout,Other,Other,Other,Other,Other,Other,Other,1
BIRLAMONEY,Financials - Broking,SmallCap,Other,Other,Other,Other,Breakout,Breakout,Other,Other,Other,Other,2
BIRLANU,"Furniture, Home Furnishing",SmallCap,Breakout,Other,Other,Other,Other,Other,Other,Other,Other,Other,1
BLISSGVS,Healthcare - Formulations,SmallCap,Other,Other,Other,Other,Breakout,Other,Breakout,Other,Breakout,Other,3
BLSE,IT - E-Governance,SmallCap,Other,Other,Breakout,Breakout,Other,Other,Other,Other,Other,Other,2
BOMDYEING,Textiles - Mfg (Spin/Yarn/Integrated),SmallCap,Other,Other,Other,Breakout,Other,Other,Other,Other,Other,Other,1
BORORENEW,Power - Green Equipment,SmallCap,Other,Other,Breakout,Other,Other,Other,Other,Other,Other,Other,1
BOROSCI,Industrial Products - Glass,SmallCap,Other,Other,Other,Other,Other,Other,Other,Other,Breakout,Other,1
BRIGADE,Real Estate,SmallCap,Other,Other,Other,Other,Other,Breakout,Other,Other,Other,Other,1
BSOFT,IT - Software/Consulting,SmallCap,Other,Other,Other,Other,Other,Other,Other,Other,Breakout,Other,1
BUTTERFLY,Consumption - Kitchen/ Accessories,SmallCap,Other,Other,Breakout,Other,Other,Other,Other,Other,Other,Other,1
CAMLINFINE,Chemicals - Specialty - FMCG,SmallCap,Other,Other,Breakout,Other,Breakout,Other,Other,Other,Other,Other,2
CAMPUS,Consumption - Footwear,SmallCap,Other,Other,Other,Other,Breakout,Other,Other,Other,Other,Other,1
CAMS,IT - Platform - Exchange/RTA,SmallCap,Other,Other,Other,Other,Other,Breakout,Other,Other,Other,Other,1
CANBK,Financials - PSU Bank,LargeCap,Other,Breakout,Breakout,Other,Other,Other,Other,Other,Other,Other,2
CAPITALSFB,Financials - Private Bank,SmallCap,Other,Other,Other,Other,Other,Other,Breakout,Other,Other,Other,1
CAPLIPOINT,Healthcare - CRAMS/CDMO,SmallCap,Other,Other,Other,Breakout,Other,Other,Other,Other,Other,Other,1
CARERATING,Financials - Ratings,SmallCap,Other,Other,Breakout,Breakout,Other,Other,Other,Other,Other,Other,2
CARYSIL,Consumption - Kitchen/ Accessories,SmallCap,Other,Other,Other,Breakout,Other,Other,Other,Other,Other,Other,1
CCL,Agri - Tea/Coffee,SmallCap,Other,Breakout,Other,Breakout,Breakout,Other,Other,Other,Other,Other,3
CDSL,IT - Platform - Exchange/RTA,SmallCap,Other,Other,Other,Other,Other,Breakout,Other,Other,Other,Other,1
CEATLTD,Auto - Tyres,SmallCap,Breakout,Breakout,Other,Other,Other,Other,Other,Other,Other,Other,2
CEIGALL,Infra - Road & Highways,SmallCap,Other,Other,Other,Other,Other,Other,Other,Other,Other,Breakout,1
CENTUM,Electronics - EMS,SmallCap,Other,Other,Breakout,Breakout,Breakout,Other,Other,Other,Other,Other,3
CENTURYPLY,Infra - Laminates,SmallCap,Other,Other,Other,Other,Breakout,Other,Other,Other,Other,Other,1
CERA,Infra - Ceramics/Granites,SmallCap,Other,Breakout,Breakout,Other,Other,Other,Breakout,Other,Other,Other,3
CESC,Power - Integrated Utility,SmallCap,Other,Other,Breakout,Breakout,Other,Other,Other,Other,Other,Other,2
CEWATER,Waste Management,SmallCap,Other,Other,Other,Breakout,Other,Other,Other,Other,Other,Other,1
CGCL,Financials - NBFC,SmallCap,Other,Other,Other,Other,Other,Other,Breakout,Other,Other,Other,1
CHALET,Leisure - Hotels,SmallCap,Other,Other,Breakout,Other,Other,Other,Other,Other,Other,Other,1
CHENNPETRO,Refineries & Marketing,SmallCap,Other,Other,Other,Other,Other,Other,Other,Other,Breakout,Breakout,2
CIEINDIA,Auto - Drivetrain,SmallCap,Other,Other,Other,Other,Other,Other,Breakout,Other,Other,Other,1
CIGNITITEC,IT - Services,SmallCap,Other,Other,Other,Other,Other,Breakout,Other,Other,Other,Other,1
CLEAN,Chemicals - Specialty - Diversified,SmallCap,Other,Other,Other,Breakout,Breakout,Other,Other,Other,Other,Other,2
CLSEL,Agri - Rice,SmallCap,Other,Other,Breakout,Breakout,Other,Other,Other,Other,Breakout,Other,3
COCHINSHIP,Defense - Ship,MidCap,Breakout,Other,Breakout,Other,Other,Breakout,Other,Other,Other,Other,3
CONCOR,Transport - Logistics,MidCap,Other,Other,Breakout,Other,Breakout,Other,Other,Other,Other,Other,2
CONCORDBIO,Healthcare - API/Drug,SmallCap,Other,Other,Other,Other,Breakout,Other,Other,Other,Other,Other,1
CONFIPET,Utility - Gas Distribution,SmallCap,Other,Other,Other,Breakout,Other,Other,Other,Other,Breakdown,Other,1
CONTROLPR,IT - Hardware,SmallCap,Other,Other,Other,Other,Breakout,Other,Other,Breakout,Other,Other,2
COROMANDEL,Agrochem - Fertilizers,MidCap,Other,Other,Breakout,Other,Other,Other,Other,Other,Other,Other,1
COSMOFIRST,Packaging - Flex,SmallCap,Other,Other,Other,Breakout,Breakout,Other,Other,Other,Other,Other,2
CRAFTSMAN,Auto - Electricals & Electronics,SmallCap,Other,Other,Breakout,Breakout,Other,Other,Other,Other,Other,Other,2
CREST,Financials - NBFC,SmallCap,Other,Other,Other,Other,Other,Breakout,Other,Other,Other,Other,1
CRISIL,Financials - Ratings,MidCap,Breakout,Other,Other,Other,Other,Other,Other,Breakout,Other,Other,2
CUB,Financials - Private Bank,SmallCap,Other,Other,Other,Other,Other,Other,Other,Other,Other,Breakout,1
CUMMINSIND,Industrial - Pumps/Engines,MidCap,Other,Other,Other,Other,Breakout,Other,Other,Other,Other,Other,1
DALMIASUG,Agri - Sugar,SmallCap,Other,Other,Breakout,Other,Other,Other,Other,Other,Other,Other,1
DAMCAPITAL,Financials - Broking,SmallCap,Other,Other,Other,Breakout,Other,Other,Other,Other,Other,Other,1
DATAPATTNS,Defense - Technology & Electronics,SmallCap,Breakout,Other,Other,Other,Other,Other,Other,Other,Other,Other,1
DBCORP,Media - Publishing,SmallCap,Other,Other,Other,Other,Other,Breakout,Other,Other,Other,Other,1
DBL,Infra - Road & Highways,SmallCap,Other,Other,Other,Other,Breakout,Other,Breakout,Other,Other,Other,2
DBREALTY,Real Estate,SmallCap,Other,Other,Other,Other,Other,Breakout,Breakout,Other,Other,Other,2
DCAL,Healthcare - CRAMS/CDMO,SmallCap,Other,Other,Other,Breakout,Other,Other,Other,Other,Other,Other,1
DCBBANK,Financials - Private Bank,SmallCap,Breakout,Other,Other,Other,Other,Other,Other,Other,Other,Other,1
DCMSHRIRAM,Agri - Sugar,SmallCap,Other,Other,Other,Other,Other,Other,Other,Other,Other,Breakout,1
DCXINDIA,Defense - Technology & Electronics,SmallCap,Other,Other,Breakout,Other,Other,Other,Other,Other,Other,Other,1
DECCANCE,Infra - Cement,SmallCap,Other,Other,Other,Other,Breakdown,Other,Other,Other,Breakout,Other,1
DEEDEV,Industial Products - Process Equipment & Fabrication,SmallCap,Other,Other,Other,Other,Breakout,Other,Other,Breakout,Breakout,Other,3
DEEPAKFERT,Chemicals - Diversified,SmallCap,Other,Other,Other,Other,Breakout,Breakout,Other,Other,Other,Other,2
DELHIVERY,Transport - Logistics,SmallCap,Other,Other,Other,Breakout,Other,Other,Other,Other,Other,Other,1
DHAMPURSUG,Agri - Sugar,SmallCap,Other,Other,Breakout,Other,Other,Other,Breakout,Other,Other,Other,2
DHANI,Financials - Misc,SmallCap,Other,Other,Other,Other,Other,Other,Breakout,Other,Other,Other,1
DHANUKA,Agrochem - Pesticides,SmallCap,Other,Other,Breakout,Other,Other,Other,Other,Other,Other,Breakout,2
DIACABS,Power - Wiring,SmallCap,Other,Other,Other,Other,Breakout,Other,Other,Other,Breakout,Breakout,3
DIFFNKG,Industial Products - Fabrication,SmallCap,Other,Other,Other,Other,Other,Breakout,Other,Other,Other,Other,1
DIVGIITTS,Auto - Drivetrain,SmallCap,Other,Other,Other,Other,Other,Breakout,Other,Other,Other,Other,1
DIVISLAB,Healthcare - API/Drug,LargeCap,Other,Other,Other,Breakout,Other,Other,Other,Other,Other,Other,1
DLF,Real Estate,LargeCap,Other,Other,Other,Breakout,Other,Other,Other,Other,Other,Other,1
DLINKINDIA,IT - Hardware,SmallCap,Other,Breakout,Other,Other,Other,Other,Breakout,Other,Other,Breakout,3
DODLA,Consumption - Dairy,SmallCap,Other,Other,Other,Breakout,Other,Breakout,Other,Breakout,Other,Other,3
DOLATALGO,Financials - Misc,SmallCap,Other,Other,Other,Other,Breakout,Breakout,Other,Other,Other,Other,2
DOLPHIN,Oil and Gas - Field Services,SmallCap,Other,Other,Other,Other,Other,Other,Other,Other,Other,Breakout,1
DREDGECORP,Engineering - Dredging,SmallCap,Other,Other,Breakout,Breakout,Breakout,Other,Other,Other,Other,Other,3
DVL,Chemicals - Diversified,SmallCap,Other,Other,Breakout,Other,Other,Other,Other,Other,Other,Other,1
DYCL,Power - Wiring,SmallCap,Other,Other,Breakout,Other,Other,Other,Other,Other,Other,Other,1
ECLERX,IT - Services,SmallCap,Other,Other,Breakout,Other,Other,Other,Other,Other,Other,Other,1
ECOSMOBLTY,HR Services / Outsourcing & Workplace Solutions,SmallCap,Other,Other,Breakout,Breakout,Other,Other,Other,Other,Other,Other,2
EDELWEISS,Financials - Diversified,SmallCap,Other,Other,Other,Breakout,Other,Other,Other,Other,Other,Other,1
EIDPARRY,Agrochem - Fertilizers,SmallCap,Other,Other,Breakout,Other,Other,Other,Other,Other,Breakout,Other,2
EIEL,Water Supply & Management,SmallCap,Other,Other,Other,Breakout,Breakout,Other,Other,Other,Other,Other,2
EIHAHOTELS,Leisure - Hotels,SmallCap,Other,Other,Other,Breakout,Other,Other,Other,Other,Other,Other,1
EIMCOELECO,Industial Products - Material Handling/Mining,SmallCap,Other,Other,Other,Other,Other,Breakout,Other,Other,Other,Other,1
EKC,Industrial Products - Misc,SmallCap,Other,Other,Other,Breakout,Other,Other,Other,Other,Other,Other,1
ELECON,Electronics - Components,SmallCap,Breakout,Breakout,Other,Other,Other,Other,Other,Other,Other,Other,2
ELECTCAST,Metals - Casting/Forging,SmallCap,Other,Other,Other,Other,Other,Other,Breakout,Other,Other,Other,1
ELECTHERM,Metals - Iron & Steel,SmallCap,Breakout,Other,Other,Other,Other,Other,Breakout,Other,Other,Other,2
ELGIEQUIP,Industrial - Pumps/Engines,SmallCap,Other,Other,Other,Other,Breakout,Other,Other,Other,Other,Other,1
EMBDL,Real Estate,SmallCap,Other,Other,Other,Other,Other,Other,Other,Other,Breakout,Other,1
EMCURE,Healthcare - Formulations,SmallCap,Other,Other,Other,Breakout,Breakout,Other,Other,Other,Other,Other,2
EMIL,Consumption - Retail,SmallCap,Other,Other,Other,Other,Other,Other,Other,Breakout,Other,Other,1
ENDURANCE,Auto - Electricals & Batteries,MidCap,Other,Breakout,Other,Breakout,Other,Other,Other,Breakout,Breakout,Breakout,5
ENGINERSIN,Infra - Consulting,SmallCap,Other,Other,Other,Other,Breakout,Breakout,Other,Other,Other,Other,2
EPL,Packaging - Misc,SmallCap,Other,Breakout,Breakout,Other,Other,Other,Other,Other,Other,Other,2
ERIS,Healthcare - Formulations,SmallCap,Other,Other,Other,Breakout,Breakout,Other,Breakout,Other,Other,Other,3
ESCORTS,Auto - Tractors,MidCap,Other,Other,Breakout,Other,Other,Other,Other,Other,Other,Other,1
ESTER,Packaging - Flex,SmallCap,Other,Other,Other,Other,Breakout,Other,Other,Other,Other,Other,1
ETHOSLTD,Consumption - Jewelry,SmallCap,Other,Other,Other,Other,Other,Other,Breakout,Other,Other,Other,1
EUREKAFORB,Consumption - Appliances,SmallCap,Other,Other,Breakout,Other,Other,Other,Other,Other,Other,Other,1
EVEREADY,Consumption - Misc,SmallCap,Other,Other,Other,Other,Other,Other,Breakout,Other,Other,Other,1
EXCELINDUS,Chemicals - Specialty - Diversified,SmallCap,Other,Other,Breakout,Other,Other,Other,Other,Breakout,Other,Other,2
EXICOM,Telecom - Equipments,SmallCap,Other,Other,Other,Other,Other,Other,Breakout,Other,Breakout,Other,2
EXPLEOSOL,IT - Services,SmallCap,Other,Other,Other,Breakout,Other,Other,Breakout,Other,Other,Other,2
FACT,Agrochem - Fertilizers,SmallCap,Other,Other,Other,Other,Other,Breakout,Other,Other,Other,Other,1
FAIRCHEMOR,Chemicals - Specialty - FMCG,SmallCap,Other,Other,Other,Other,Other,Breakout,Other,Other,Other,Other,1
FAZE3Q,Textiles - Mfg (Spin/Yarn/Integrated),SmallCap,Other,Breakout,Other,Other,Other,Other,Other,Other,Other,Other,1
FCL,Chemicals - Specialty - Misc,SmallCap,Other,Other,Other,Other,Other,Other,Breakout,Breakout,Other,Other,2
FDC,Healthcare - Formulations - OTC,SmallCap,Other,Other,Other,Other,Other,Other,Breakout,Other,Other,Other,1
FEDERALBNK,Financials - Private Bank,MidCap,Other,Other,Other,Other,Other,Breakout,Other,Other,Other,Other,1
FEDFINA,Financials - NBFC,SmallCap,Other,Other,Other,Other,Other,Other,Breakout,Other,Other,Other,1
FIEMIND,Auto - Lighting & Electronics,SmallCap,Other,Other,Breakout,Other,Other,Breakout,Other,Other,Other,Other,2
FILATEX,Textiles - Mfg (Spin/Yarn/Integrated),SmallCap,Other,Other,Other,Other,Breakout,Other,Other,Other,Other,Breakout,2
FINEORG,Chemicals - Specialty - Diversified,SmallCap,Other,Other,Other,Other,Other,Other,Other,Other,Breakout,Other,1
FINOPB,Financials - Private Bank,SmallCap,Other,Other,Other,Other,Other,Other,Breakout,Breakout,Other,Other,2
FINPIPE,Infra - Plastic Products,SmallCap,Other,Other,Other,Breakout,Breakout,Other,Other,Other,Other,Other,2
FIRSTCRY,Consumption - Retail,SmallCap,Other,Other,Other,Other,Other,Breakout,Other,Other,Other,Other,1
FMGOETZE,Auto - Drivetrain,SmallCap,Other,Other,Other,Other,Breakout,Breakout,Other,Breakout,Other,Breakout,4
FORCEMOT,Auto - Cars/UVs,SmallCap,Breakout,Other,Breakout,Other,Other,Other,Other,Other,Other,Other,2
FORTIS,Healthcare - Hospitals,MidCap,Other,Other,Other,Breakout,Other,Breakout,Other,Other,Other,Other,2
FOSECOIND,Chemicals - Specialty - Misc,SmallCap,Other,Other,Breakout,Other,Other,Other,Other,Other,Other,Breakout,2
FUSION,Financials - MFI,SmallCap,Other,Other,Other,Other,Other,Other,Breakout,Other,Other,Other,1
GABRIEL,Auto - Suspension & Axles,SmallCap,Other,Other,Other,Breakout,Other,Other,Other,Other,Breakout,Breakout,3
GALAXYSURF,Chemicals - Specialty - FMCG,SmallCap,Other,Other,Other,Other,Other,Other,Other,Breakout,Other,Other,1
GALLANTT,Metals - Iron & Steel,SmallCap,Other,Other,Other,Other,Other,Other,Other,Breakout,Breakout,Other,2
GANDHAR,Refineries & Marketing,SmallCap,Other,Other,Other,Breakout,Breakout,Other,Other,Other,Other,Other,2
GARFIBRES,Textiles - Tech,SmallCap,Other,Other,Other,Other,Other,Other,Other,Other,Breakout,Other,1
GARUDA,Infra - Residential & Commercial Buildings,SmallCap,Other,Other,Other,Other,Breakout,Breakout,Other,Other,Other,Other,2
GENUSPOWER,Electronics - Automation,SmallCap,Other,Other,Breakout,Breakout,Breakout,Other,Other,Other,Other,Other,3
GEPIL,Power - Equipment,SmallCap,Other,Other,Other,Other,Other,Breakout,Breakout,Other,Other,Other,2
GESHIP,Transport - Shipping,SmallCap,Other,Other,Breakout,Other,Other,Breakout,Breakout,Other,Other,Other,3
GHCL,Chemicals - Bulk,SmallCap,Other,Other,Other,Breakout,Other,Other,Other,Other,Other,Other,1
GILLETTE,Consumption - Personal,SmallCap,Other,Other,Other,Other,Breakout,Other,Breakout,Other,Other,Other,2
GIPCL,Power - Generation,SmallCap,Other,Other,Other,Other,Other,Other,Other,Other,Other,Breakout,1
GKWLIMITED,Financials - Holding/Investing,SmallCap,Other,Other,Other,Other,Breakout,Other,Other,Other,Other,Breakdown,1
GLAND,Healthcare - CRAMS/CDMO,MidCap,Other,Other,Other,Other,Other,Other,Other,Breakout,Other,Breakout,2
GLAXO,Healthcare - Formulations - OTC,MidCap,Other,Other,Other,Breakout,Breakout,Other,Other,Other,Other,Other,2
GLENMARK,Healthcare - Formulations - Generic,MidCap,Other,Other,Other,Other,Other,Breakout,Other,Other,Other,Other,1
GMBREW,Beverages - Alcohol,SmallCap,Other,Other,Other,Other,Other,Other,Breakout,Other,Other,Other,1
GMDCLTD,Mining - Coal/Minerals,SmallCap,Other,Other,Breakout,Other,Other,Breakout,Breakout,Other,Other,Other,3
GMMPFAUDLR,Industial Products - Glasslined Equipments,SmallCap,Other,Other,Other,Breakout,Other,Other,Other,Breakout,Other,Other,2
GNFC,Chemicals - Diversified,SmallCap,Other,Other,Other,Other,Breakout,Other,Other,Other,Other,Other,1
GOCLCORP,Defense - Explosives,SmallCap,Other,Other,Other,Other,Other,Other,Breakout,Other,Other,Other,1
GOCOLORS,Textiles - Fashion Retail,SmallCap,Breakout,Breakout,Other,Other,Other,Other,Other,Other,Other,Other,2
GODAVARIB,Chemicals - Diversified,SmallCap,Other,Other,Breakout,Other,Breakout,Other,Other,Other,Other,Other,2
GODFRYPHLP,Consumption - Cigarettes,SmallCap,Other,Other,Other,Other,Other,Other,Other,Other,Breakout,Other,1
GODIGIT,Financials - Gen Insurance,SmallCap,Other,Other,Other,Breakout,Breakout,Breakout,Other,Breakout,Other,Other,4
GODREJIND,Chemicals - Diversified,MidCap,Other,Other,Other,Other,Other,Breakout,Other,Other,Other,Other,1
GODREJPROP,Real Estate,MidCap,Other,Other,Other,Other,Other,Breakout,Other,Other,Other,Other,1
GOKEX,Textiles - Exports,SmallCap,Other,Breakout,Other,Other,Other,Other,Other,Other,Other,Other,1
GOKULAGRO,Agri - Edible Oils,SmallCap,Other,Other,Other,Other,Other,Breakout,Other,Breakout,Other,Other,2
GOODLUCK,Metals - Pipe & Tube,SmallCap,Other,Other,Breakout,Breakout,Other,Other,Other,Breakout,Other,Other,3
GOPAL,Consumption - Foods/Drinks,SmallCap,Other,Other,Other,Other,Breakout,Other,Breakout,Other,Other,Other,2
GPPL,Infra - Ports,SmallCap,Other,Other,Other,Other,Breakout,Other,Breakout,Other,Other,Other,2
GRAPHITE,Metals - Foundry Support,SmallCap,Other,Other,Other,Breakout,Other,Other,Other,Other,Other,Other,1
GREENPANEL,Infra - Laminates,SmallCap,Other,Other,Other,Breakout,Other,Other,Other,Other,Other,Other,1
GREENPLY,Infra - Laminates,SmallCap,Other,Other,Other,Other,Other,Other,Breakout,Other,Other,Other,1
GRINFRA,Infra - Road & Highways,SmallCap,Other,Other,Other,Other,Other,Other,Breakout,Other,Other,Other,1
GRMOVER,Agri - Rice,SmallCap,Other,Other,Other,Other,Other,Other,Breakout,Breakout,Other,Other,2
GRPLTD,Industrial Products - Rubber,SmallCap,Other,Other,Other,Breakout,Other,Other,Other,Other,Other,Other,1
GRSE,Defense - Ship,SmallCap,Breakout,Other,Breakout,Breakout,Other,Other,Other,Other,Other,Other,3
GSFC,Agrochem - Fertilizers,SmallCap,Other,Other,Other,Other,Other,Breakout,Other,Other,Other,Other,1
GTPL,Media - TV Broadcast,SmallCap,Other,Other,Other,Other,Other,Other,Breakout,Breakout,Other,Other,2
GUJTHEM,Healthcare - API/Drug,SmallCap,Other,Other,Breakout,Other,Other,Other,Other,Other,Breakout,Other,2
GVT&D,Power - Equipment,MidCap,Other,Other,Breakout,Other,Breakout,Other,Other,Other,Other,Other,2
HAL,Defense - Mfg,LargeCap,Other,Other,Breakout,Other,Other,Other,Other,Other,Other,Other,1
HAPPSTMNDS,IT - Software/Consulting,SmallCap,Other,Other,Other,Other,Other,Other,Other,Breakout,Other,Other,1
HAPPYFORGE,Auto - Drivetrain,SmallCap,Other,Other,Other,Other,Breakout,Other,Other,Other,Other,Other,1
HARIOMPIPE,Metals - Pipe & Tube,SmallCap,Other,Other,Other,Other,Other,Breakout,Other,Other,Other,Other,1
HARSHA,Industial Products - Precision Components,SmallCap,Other,Breakdown,Other,Other,Other,Breakout,Other,Other,Other,Other,1
HBLENGINE,Railways,SmallCap,Other,Other,Breakout,Other,Other,Other,Other,Other,Other,Breakout,2
HDFCAMC,Financials - AMC,MidCap,Other,Other,Breakout,Other,Other,Breakout,Other,Other,Other,Other,2
HDFCLIFE,Financials - Life,LargeCap,Other,Other,Other,Other,Other,Other,Other,Other,Breakout,Other,1
HEG,Metals - Foundry Support,SmallCap,Other,Other,Other,Breakout,Other,Other,Other,Other,Other,Other,1
HEIDELBERG,Infra - Cement,SmallCap,Other,Other,Other,Other,Other,Other,Other,Other,Breakout,Breakout,2
HEMIPROP,Real Estate,SmallCap,Other,Other,Other,Other,Other,Breakout,Other,Other,Other,Other,1
HERANBA,Agrochem - Pesticides,SmallCap,Other,Other,Other,Other,Other,Other,Other,Other,Breakout,Breakout,2
HERITGFOOD,Consumption - Dairy,SmallCap,Other,Other,Other,Other,Other,Breakout,Other,Other,Breakout,Other,2
HEROMOTOCO,Auto - 2W,LargeCap,Other,Other,Breakout,Other,Other,Other,Other,Other,Other,Other,1
HEUBACHIND,Chemicals - Dyes,SmallCap,Other,Other,Breakout,Other,Other,Other,Other,Other,Other,Other,1
HEXT,IT - Enterprise,SmallCap,Other,Other,Other,Other,Breakout,Other,Other,Other,Other,Other,1
HFCL,Telecom - Infra,SmallCap,Other,Other,Breakout,Other,Other,Other,Other,Other,Other,Other,1
HGS,Tech - BPO,SmallCap,Other,Other,Other,Other,Other,Other,Breakout,Other,Other,Other,1
HINDCOPPER,Metals - Copper,SmallCap,Other,Other,Other,Other,Breakout,Other,Other,Other,Other,Other,1
HINDPETRO,Refineries & Marketing,MidCap,Other,Other,Other,Other,Other,Other,Other,Other,Breakout,Other,1
HINDWAREAP,Infra - Ceramics/Granites,SmallCap,Other,Other,Other,Breakout,Breakout,Other,Other,Other,Other,Other,2
HINDZINC,Metals - Non Ferrous,MidCap,Other,Other,Other,Other,Other,Breakout,Breakout,Other,Other,Other,2
HIRECT,Electronics - Automation,SmallCap,Other,Other,Breakout,Other,Other,Other,Other,Other,Other,Other,1
HITECH,Metals - Pipe & Tube,SmallCap,Other,Other,Other,Other,Other,Breakout,Other,Other,Other,Other,1
HITECHGEAR,Auto - Drivetrain,SmallCap,Other,Other,Other,Other,Other,Breakout,Breakout,Other,Other,Other,2
HLEGLAS,Industial Products - Glasslined Equipments,SmallCap,Other,Other,Other,Breakout,Breakout,Other,Breakout,Other,Other,Other,3
HONASA,Consumption - Personal,SmallCap,Other,Other,Other,Breakout,Other,Other,Other,Other,Other,Other,1
HONAUT,Electronics - Automation,MidCap,Other,Other,Breakout,Other,Other,Other,Other,Other,Other,Breakout,2
HONDAPOWER,Industial Products - Electrical & Power Equipment,SmallCap,Other,Other,Breakout,Breakout,Other,Other,Other,Other,Other,Other,2
HPL,Power - Wiring,SmallCap,Other,Other,Other,Breakout,Breakout,Other,Other,Other,Other,Other,2
HSCL,Chemicals - Carbon,SmallCap,Other,Other,Other,Other,Other,Other,Other,Other,Breakout,Other,1
HUBTOWN,Real Estate,SmallCap,Other,Other,Other,Other,Other,Breakout,Breakout,Other,Breakout,Other,3
HUDCO,Financials - Institute - Infra,MidCap,Other,Other,Other,Other,Breakout,Breakout,Other,Other,Other,Other,2
HUHTAMAKI,Packaging - Misc,SmallCap,Other,Other,Other,Other,Other,Other,Other,Other,Other,Breakout,1
HYUNDAI,Auto - Cars/UVs,LargeCap,Other,Other,Other,Other,Other,Other,Other,Breakout,Other,Other,1
ICIL,Textiles - Mfg (Spin/Yarn/Integrated),SmallCap,Other,Breakout,Other,Other,Other,Other,Other,Other,Other,Other,1
ICRA,Financials - Ratings,SmallCap,Other,Other,Other,Other,Breakout,Other,Other,Other,Other,Breakout,2
IDBI,Financials - Private Bank,SmallCap,Other,Other,Other,Breakout,Breakout,Breakout,Other,Other,Other,Other,3
IDEAFORGE,Defense - Technology & Electronics,SmallCap,Other,Breakout,Breakout,Other,Other,Other,Other,Other,Other,Other,2
IEX,IT - Platform - Exchange/RTA,SmallCap,Other,Other,Other,Other,Other,Breakout,Other,Other,Other,Other,1
IFBIND,Consumption - Appliances,SmallCap,Other,Other,Other,Other,Breakout,Breakout,Breakout,Other,Other,Other,3
IFCI,Financials - Institute - Infra,SmallCap,Other,Other,Breakout,Breakout,Breakout,Other,Other,Other,Other,Other,3
IFGLEXPOR,Metals - Foundry Support,SmallCap,Other,Other,Breakout,Other,Other,Other,Other,Other,Other,Other,1
IGARASHI,Auto - HVAC/Emotors,SmallCap,Other,Other,Other,Other,Other,Other,Other,Other,Other,Breakout,1
IIFL,Financials - NBFC,SmallCap,Other,Other,Other,Other,Other,Other,Breakout,Other,Other,Other,1
IKS,IT - Platform - Healthcare/Pharma,SmallCap,Other,Other,Other,Other,Other,Other,Breakout,Other,Other,Other,1
IMAGICAA,Leisure - Misc,SmallCap,Other,Other,Other,Other,Other,Breakout,Other,Other,Other,Other,1
IMFA,Metals - Ferro Alloys,SmallCap,Breakdown,Other,Other,Other,Other,Breakout,Other,Other,Breakout,Other,2
IMPAL,Auto - Misc,SmallCap,Other,Other,Breakout,Breakout,Other,Breakout,Other,Other,Breakout,Other,4
INDIACEM,Infra - Cement,SmallCap,Breakout,Other,Other,Other,Other,Other,Other,Other,Other,Other,1
INDIAGLYCO,Chemicals - Bulk,SmallCap,Other,Other,Breakout,Breakout,Other,Other,Other,Other,Other,Other,2
INDIAMART,IT - Platform - Catalogue Retail,SmallCap,Breakout,Other,Other,Other,Other,Other,Other,Other,Breakout,Other,2
INDIANB,Financials - PSU Bank,MidCap,Other,Other,Other,Other,Other,Breakout,Other,Other,Other,Other,1
INDIGOPNTS,Consumption - Paints,SmallCap,Other,Other,Other,Other,Other,Other,Breakout,Other,Other,Other,1
INDNIPPON,Auto - Electricals & Batteries,SmallCap,Other,Other,Other,Other,Breakout,Other,Breakout,Other,Other,Breakout,3
INDOAMIN,Chemicals - Specialty - Diversified,SmallCap,Other,Other,Other,Breakout,Other,Breakout,Other,Other,Breakout,Other,3
INDOCO,Healthcare - Formulations,SmallCap,Other,Other,Other,Other,Other,Breakout,Other,Other,Other,Other,1
INDRAMEDCO,Healthcare - Hospitals,SmallCap,Other,Other,Other,Other,Other,Other,Other,Other,Breakout,Breakout,2
INOXGREEN,Power - Green - Misc,SmallCap,Other,Other,Other,Breakout,Other,Other,Other,Other,Other,Other,1
INOXINDIA,Industrial Products - Misc,SmallCap,Other,Other,Breakout,Other,Other,Other,Other,Other,Other,Other,1
INOXWIND,Power - Equipment,SmallCap,Other,Other,Other,Other,Breakout,Other,Other,Other,Other,Other,1
INSECTICID,Agrochem - Pesticides,SmallCap,Other,Other,Breakout,Other,Breakout,Other,Other,Breakout,Breakout,Other,4
INTELLECT,IT - Software/Consulting,SmallCap,Other,Breakout,Breakout,Other,Other,Other,Other,Other,Other,Other,2
INTERARCH,Infra - Construction,SmallCap,Other,Other,Other,Breakout,Other,Other,Other,Other,Other,Other,1
IOC,Refineries & Marketing,LargeCap,Breakout,Other,Other,Other,Other,Other,Other,Other,Other,Other,1
IOLCP,Healthcare - API/Drug,SmallCap,Other,Other,Breakout,Breakout,Other,Other,Other,Other,Breakout,Other,3
IPL,Agrochem - Pesticides,SmallCap,Other,Other,Breakout,Other,Breakout,Other,Other,Other,Other,Other,2
IRCON,Railways,SmallCap,Other,Other,Breakout,Other,Other,Breakout,Other,Other,Other,Other,2
IRFC,Railways,LargeCap,Other,Other,Breakout,Other,Other,Breakout,Other,Other,Other,Other,2
IRMENERGY,Utility - Gas Distribution,SmallCap,Other,Other,Other,Other,Other,Other,Other,Other,Other,Breakout,1
ISGEC,Industial Products - Process Equipment & Fabrication,SmallCap,Other,Other,Other,Other,Other,Breakout,Other,Other,Other,Other,1
ITDC,Leisure - Hotels,SmallCap,Other,Other,Other,Breakout,Other,Other,Other,Other,Other,Other,1
ITDCEM,Infra - Construction,SmallCap,Other,Other,Breakout,Other,Other,Other,Other,Other,Other,Other,1
ITI,Telecom - Equipments,SmallCap,Other,Other,Breakout,Other,Breakout,Other,Other,Other,Other,Other,2
IXIGO,IT - Platform - Tour & Travel,SmallCap,Other,Other,Breakout,Other,Other,Other,Breakout,Other,Other,Other,2
J&KBANK,Financials - Private Bank,SmallCap,Other,Other,Other,Other,Other,Other,Other,Other,Other,Breakout,1
JAIBALAJI,Metals - Iron & Steel,SmallCap,Other,Other,Other,Breakdown,Other,Other,Other,Breakdown,Breakout,Other,1
JAICORPLTD,Industrial Products - Plastic,SmallCap,Other,Other,Other,Breakout,Other,Breakout,Other,Other,Other,Other,2
JBMA,Auto - Body,SmallCap,Other,Other,Breakout,Other,Other,Other,Other,Other,Other,Other,1
JGCHEM,Chemicals - Specialty - Rubber,SmallCap,Other,Other,Other,Other,Breakout,Other,Other,Breakout,Other,Other,2
JINDALSTEL,Metals - Iron & Steel,LargeCap,Other,Other,Breakout,Other,Other,Other,Other,Other,Other,Other,1
JIOFIN,Financials - NBFC,LargeCap,Other,Other,Other,Other,Other,Other,Other,Other,Breakout,Other,1
JISLJALEQS,Industrial Products - Plastic,SmallCap,Other,Other,Other,Other,Other,Breakout,Breakout,Other,Other,Other,2
JKCEMENT,Infra - Cement,MidCap,Other,Other,Other,Other,Breakout,Other,Breakout,Other,Other,Other,2
JKLAKSHMI,Infra - Cement,SmallCap,Other,Other,Other,Breakout,Other,Other,Other,Other,Other,Breakout,2
JKPAPER,Paper - Speciality,SmallCap,Other,Other,Other,Breakout,Other,Other,Other,Other,Other,Other,1
JKTYRE,Auto - Tyres,SmallCap,Other,Breakout,Other,Breakout,Other,Other,Other,Other,Other,Other,2
JMFINANCIL,Financials - Diversified,SmallCap,Other,Other,Breakout,Other,Other,Breakout,Breakout,Other,Breakout,Other,4
JTEKTINDIA,Auto - Drivetrain,SmallCap,Other,Other,Other,Other,Other,Other,Other,Other,Other,Breakout,1
JTLIND,Metals - Pipe & Tube,SmallCap,Other,Other,Other,Other,Other,Other,Breakout,Other,Other,Other,1
JUBLINGREA,Chemicals - Specialty - Pharma,SmallCap,Other,Other,Other,Other,Other,Breakout,Breakout,Other,Other,Other,2
JUBLPHARMA,Healthcare - CRAMS/CDMO,SmallCap,Other,Other,Breakout,Breakout,Other,Other,Other,Other,Other,Other,2
JYOTICNC,Industial Products - Machinery,SmallCap,Other,Other,Other,Other,Breakout,Other,Other,Other,Other,Breakdown,1
KAJARIACER,Infra - Ceramics/Granites,SmallCap,Other,Other,Breakout,Other,Other,Other,Other,Other,Other,Breakout,2
KALAMANDIR,Textiles - Fashion Retail,SmallCap,Other,Other,Other,Other,Other,Breakout,Other,Other,Other,Breakout,2
KARURVYSYA,Financials - Private Bank,SmallCap,Other,Other,Other,Other,Other,Breakout,Other,Other,Other,Breakout,2
KEI,Power - Wiring,MidCap,Other,Other,Other,Other,Other,Other,Other,Other,Breakout,Other,1
KELLTONTEC,IT - Software/Consulting,SmallCap,Other,Other,Other,Other,Breakout,Other,Breakout,Other,Other,Other,2
KERNEX,Railways,SmallCap,Other,Other,Other,Breakout,Breakout,Other,Other,Other,Other,Other,2
KINGFA,Industrial Products - Plastic,SmallCap,Other,Other,Other,Other,Breakout,Other,Other,Other,Other,Other,1
KIOCL,Metals - Iron & Steel,SmallCap,Other,Other,Other,Other,Breakout,Breakout,Other,Other,Other,Other,2
KIRIINDUS,Chemicals - Dyes,SmallCap,Other,Other,Breakout,Breakout,Other,Other,Other,Other,Other,Other,2
KIRLOSBROS,Industrial - Pumps/Engines,SmallCap,Other,Other,Other,Other,Other,Other,Other,Other,Breakout,Other,1
KIRLOSENG,Industrial - Pumps/Engines,SmallCap,Other,Other,Breakout,Other,Other,Other,Other,Other,Other,Other,1
KIRLOSIND,Power - Green - Misc,SmallCap,Other,Other,Other,Breakout,Other,Other,Other,Other,Breakout,Other,2
KITEX,Textiles - Exports,SmallCap,Other,Other,Breakout,Breakout,Other,Other,Other,Other,Other,Other,2
KKCL,Textiles - Fashion Retail,SmallCap,Other,Other,Other,Other,Other,Breakout,Breakout,Other,Other,Breakout,3
KMEW,Engineering - Dredging,SmallCap,Other,Other,Other,Breakout,Other,Other,Breakout,Other,Other,Other,2
KOKUYOCMLN,Consumption - Stationary,SmallCap,Other,Other,Other,Other,Other,Other,Breakout,Breakout,Breakout,Other,3
KOLTEPATIL,Real Estate,SmallCap,Other,Other,Other,Other,Breakout,Breakout,Other,Other,Other,Other,2
KOTHARIPET,Chemicals - Petro,SmallCap,Other,Other,Other,Other,Other,Other,Breakout,Other,Other,Other,1
KPEL,Power - Green - EPC,SmallCap,Other,Other,Breakout,Breakout,Breakout,Other,Other,Other,Other,Other,3
KPIGREEN,Power - Green - IPP,SmallCap,Other,Other,Breakout,Breakout,Other,Other,Other,Other,Other,Other,2
KPIL,Infra - Heavy Engineering,SmallCap,Other,Other,Breakout,Other,Other,Other,Breakout,Other,Other,Other,2
KPITTECH,IT - Software/Consulting,MidCap,Other,Other,Other,Other,Other,Other,Other,Breakout,Other,Other,1
KPRMILL,Textiles - Mfg (Spin/Yarn/Integrated),MidCap,Other,Breakout,Other,Other,Other,Other,Other,Other,Other,Other,1
KRBL,Agri - Rice,SmallCap,Other,Other,Other,Breakout,Other,Other,Other,Other,Other,Other,1
KRISHANA,Agrochem - Fertilizers,SmallCap,Other,Breakout,Breakout,Breakout,Other,Other,Other,Other,Other,Other,3
KROSS,Auto - Suspension & Axles,SmallCap,Other,Other,Other,Other,Other,Breakout,Other,Other,Other,Other,1
KSL,Metals - Iron & Steel,SmallCap,Other,Other,Breakout,Other,Other,Other,Other,Breakout,Other,Other,2
KTKBANK,Financials - Private Bank,SmallCap,Other,Other,Other,Other,Other,Other,Breakout,Other,Other,Other,1
LANDMARK,Auto - Misc,SmallCap,Other,Other,Other,Other,Breakout,Other,Breakout,Breakout,Other,Other,3
LAOPALA,Consumption - Homeware,SmallCap,Other,Other,Other,Other,Other,Other,Breakout,Other,Other,Other,1
LATENTVIEW,IT - Software/Consulting,SmallCap,Other,Other,Other,Other,Other,Other,Other,Other,Other,Breakout,1
LAURUSLABS,Healthcare - API/Drug,SmallCap,Other,Other,Other,Other,Other,Other,Other,Other,Other,Breakout,1
LAXMIDENTL,Healthcare - Equipments,SmallCap,Other,Other,Other,Other,Other,Other,Breakout,Other,Breakout,Other,2
LGBBROSLTD,Auto - Wheels ,SmallCap,Other,Other,Breakout,Other,Other,Other,Other,Other,Other,Other,1
LGHL,Real Estate,SmallCap,Other,Other,Other,Other,Other,Breakout,Breakout,Breakout,Other,Other,3
LICHSGFIN,Financials - Housing,MidCap,Other,Other,Breakout,Other,Other,Other,Other,Other,Other,Other,1
LICI,Financials - Life,LargeCap,Other,Other,Other,Other,Breakout,Other,Other,Other,Other,Other,1
LIKHITHA,Infra - Construction,SmallCap,Other,Other,Other,Other,Breakout,Breakout,Other,Other,Other,Other,2
LINDEINDIA,Chemicals - Misc,MidCap,Other,Other,Breakout,Other,Breakout,Other,Other,Other,Other,Other,2
LLOYDSENGG,Industial Products - Process Equipment & Fabrication,SmallCap,Other,Other,Other,Other,Other,Other,Other,Other,Other,Breakout,1
LLOYDSENT,Metals - Iron & Steel,SmallCap,Other,Other,Other,Other,Breakout,Breakout,Breakout,Other,Breakout,Other,4
LLOYDSME,Metals - Iron & Steel,MidCap,Other,Other,Other,Other,Other,Breakout,Other,Other,Other,Other,1
LMW,Industial Products - Machinery,SmallCap,Other,Other,Breakout,Other,Other,Other,Other,Other,Other,Other,1
LTF,Financials - NBFC,MidCap,Other,Other,Other,Other,Other,Breakout,Other,Other,Other,Other,1
LTFOODS,Agri - Rice,SmallCap,Other,Other,Other,Breakout,Other,Breakout,Other,Other,Breakout,Other,3
LUMAXIND,Auto - Lighting & Electronics,SmallCap,Other,Other,Breakout,Breakout,Breakout,Breakout,Breakout,Other,Other,Other,5
LUMAXTECH,Auto - Lighting & Electronics,SmallCap,Other,Breakout,Breakout,Breakout,Breakout,Breakout,Other,Other,Other,Other,5
LXCHEM,Chemicals - Specialty - Pharma,SmallCap,Other,Other,Breakout,Other,Other,Other,Other,Other,Other,Other,1
MADRASFERT,Agrochem - Fertilizers,SmallCap,Other,Other,Breakout,Other,Other,Other,Other,Other,Other,Other,1
MAGADSUGAR,Agri - Sugar,SmallCap,Other,Other,Breakout,Other,Other,Other,Other,Other,Other,Other,1
MAHABANK,Financials - PSU Bank,MidCap,Other,Other,Other,Other,Other,Breakout,Other,Other,Other,Breakout,2
MAHSCOOTER,Financials - Holding/Investing,SmallCap,Other,Other,Breakout,Breakout,Other,Other,Other,Other,Other,Other,2
MAHSEAMLES,Metals - Pipe & Tube,SmallCap,Other,Other,Other,Other,Other,Other,Other,Other,Breakout,Other,1
MAITHANALL,Metals - Ferro Alloys,SmallCap,Other,Other,Other,Other,Breakout,Other,Breakout,Other,Other,Other,2
MAMATA,Industial Products - Machinery,SmallCap,Other,Other,Other,Other,Breakout,Breakout,Other,Other,Other,Other,2
MANALIPETC,Chemicals - Petro,SmallCap,Other,Other,Other,Other,Other,Other,Breakout,Breakout,Breakout,Other,3
MANAPPURAM,Financials - NBFC,SmallCap,Other,Other,Other,Other,Other,Breakout,Breakout,Other,Other,Other,2
MANGCHEFER,Agrochem - Fertilizers,SmallCap,Breakout,Other,Other,Other,Other,Other,Other,Other,Other,Other,1
MANINDS,Metals - Pipe & Tube,SmallCap,Other,Other,Breakout,Other,Breakout,Breakout,Other,Other,Other,Other,3
MANINFRA,Infra - Residential & Commercial Buildings,SmallCap,Other,Other,Other,Other,Other,Other,Other,Other,Breakout,Other,1
MANORAMA,Consumption - Foods/Drinks,SmallCap,Breakout,Other,Breakout,Other,Other,Other,Other,Other,Other,Other,2
MANYAVAR,Textiles - Fashion Retail,SmallCap,Other,Breakdown,Other,Other,Other,Breakout,Other,Other,Other,Other,1
MAPMYINDIA,IT - Product - Software,SmallCap,Other,Other,Breakout,Other,Other,Other,Other,Other,Other,Other,1
MARATHON,Real Estate,SmallCap,Other,Other,Other,Other,Other,Breakout,Breakout,Breakout,Breakout,Breakout,5
MARICO,Agri - Edible Oils,MidCap,Other,Breakout,Other,Other,Other,Other,Other,Other,Other,Other,1
MARINE,Electronics - Components,SmallCap,Other,Other,Breakout,Other,Other,Breakout,Other,Other,Other,Other,2
MASFIN,Financials - NBFC,SmallCap,Other,Other,Other,Breakout,Other,Other,Other,Other,Other,Other,1
MASTERTR,Financials - Broking,SmallCap,Other,Breakout,Breakout,Other,Other,Other,Other,Other,Other,Other,2
MATRIMONY,IT - Platform - Catalogue Retail,SmallCap,Other,Other,Other,Other,Other,Other,Other,Breakout,Other,Other,1
MAXHEALTH,Healthcare - Hospitals,MidCap,Other,Other,Other,Other,Other,Other,Other,Other,Breakout,Other,1
MAYURUNIQ,Leather Products,SmallCap,Other,Breakout,Breakout,Other,Other,Other,Other,Other,Other,Other,2
MAZDOCK,Defense - Ship,MidCap,Breakout,Other,Breakout,Other,Other,Other,Other,Other,Other,Other,2
MBAPL,Agrochem - Fertilizers,SmallCap,Other,Other,Other,Breakout,Breakout,Breakout,Other,Breakout,Breakout,Other,5
MCX,IT - Platform - Exchange/RTA,SmallCap,Other,Other,Other,Other,Other,Breakout,Breakout,Breakout,Breakout,Other,4
MEDPLUS,IT - Platform - Healthcare/Pharma,SmallCap,Other,Other,Breakout,Breakout,Breakout,Other,Other,Other,Other,Other,3
METROBRAND,Consumption - Footwear,SmallCap,Other,Other,Other,Breakout,Other,Other,Other,Other,Other,Other,1
MFSL,Financials - Life,MidCap,Other,Other,Other,Breakout,Other,Other,Other,Other,Other,Other,1
MHRIL,Leisure - Hotels,SmallCap,Other,Other,Other,Breakout,Other,Other,Other,Other,Other,Other,1
MICEL,Electronics - Components,SmallCap,Other,Other,Other,Other,Other,Breakout,Other,Other,Other,Other,1
MIDHANI,Defense - Mfg,SmallCap,Breakout,Other,Breakout,Other,Breakout,Other,Breakout,Other,Other,Other,4
MINDACORP,Auto - Electricals & Electronics,SmallCap,Other,Other,Other,Other,Other,Breakout,Other,Other,Other,Other,1
MMFL,Auto - Forgings,SmallCap,Other,Other,Other,Other,Other,Breakout,Other,Other,Other,Other,1
MMTC,Others,SmallCap,Other,Other,Other,Other,Breakout,Other,Other,Other,Other,Other,1
MOIL,Mining - Coal/Minerals,SmallCap,Other,Other,Breakout,Other,Other,Other,Other,Other,Other,Other,1
MOL,Agrochem - Pesticides,SmallCap,Other,Other,Breakout,Other,Other,Breakout,Other,Other,Breakout,Other,3
MOLDTKPAC,Packaging - Rigid,SmallCap,Other,Other,Other,Breakout,Other,Other,Other,Other,Other,Other,1
MONARCH,Financials - Broking,SmallCap,Other,Other,Other,Other,Other,Other,Other,Other,Breakout,Breakout,2
MOREPENLAB,Healthcare - Formulations - OTC,SmallCap,Breakout,Other,Other,Breakout,Other,Other,Other,Other,Other,Other,2
MOSCHIP,IT - Hardware,SmallCap,Other,Other,Breakout,Other,Breakout,Breakout,Other,Other,Other,Other,3
MOTHERSON,Auto - Glass/Body,LargeCap,Other,Other,Other,Other,Breakout,Other,Other,Other,Other,Other,1
MRF,Auto - Tyres,MidCap,Other,Breakout,Other,Other,Other,Other,Other,Other,Other,Other,1
MTARTECH,Defense - Mfg,SmallCap,Other,Other,Breakout,Breakout,Other,Breakout,Other,Other,Other,Other,3
MTNL,Telecom - Mobile/FixedLine,SmallCap,Other,Other,Other,Other,Breakout,Breakout,Breakout,Other,Other,Other,3
MUFTI,Textiles - Fashion Retail,SmallCap,Other,Other,Other,Breakout,Other,Other,Other,Other,Other,Other,1
MUKANDLTD,Metals - Iron & Steel,SmallCap,Other,Other,Breakout,Other,Other,Other,Other,Other,Breakout,Breakout,3
MVGJL,Consumption - Jewelry,SmallCap,Other,Other,Other,Other,Breakout,Breakout,Other,Other,Other,Other,2
NAHARSPING,Textiles - Mfg (Spin/Yarn/Integrated),SmallCap,Other,Breakout,Other,Other,Breakout,Other,Other,Other,Other,Other,2
NATCOPHARM,Healthcare - Formulations - Specialty,SmallCap,Other,Other,Other,Other,Other,Other,Breakout,Other,Other,Breakout,2
NAVA,Power - Misc,SmallCap,Other,Other,Other,Other,Other,Breakout,Breakout,Breakout,Other,Other,3
NAZARA,IT - Gaming/Entertainment,SmallCap,Breakout,Breakout,Breakout,Breakout,Other,Other,Breakout,Other,Other,Other,5
NBCC,Infra - Construction,SmallCap,Other,Other,Breakout,Other,Breakout,Other,Other,Other,Other,Other,2
NDRAUTO,Auto - Drivetrain,SmallCap,Other,Other,Breakout,Other,Other,Breakout,Other,Other,Other,Other,2
NDTV,Media - TV Broadcast,SmallCap,Other,Other,Other,Breakout,Other,Other,Other,Other,Other,Other,1
NELCAST,Metals - Casting/Forging,SmallCap,Other,Other,Breakout,Breakout,Other,Other,Other,Breakout,Breakout,Other,4
NELCO,Telecom - Equipments,SmallCap,Other,Other,Breakout,Other,Other,Other,Breakout,Other,Other,Other,2
NESCO,Real Estate,SmallCap,Other,Other,Breakout,Other,Other,Other,Breakout,Other,Breakout,Breakout,4
NETWEB,IT - Hardware,SmallCap,Other,Other,Breakout,Other,Breakout,Other,Other,Other,Other,Other,2
NETWORK18,Media - Entertainment,SmallCap,Other,Other,Other,Other,Breakout,Other,Other,Other,Breakout,Other,2
NEULANDLAB,Healthcare - API/Drug,SmallCap,Other,Other,Breakdown,Other,Other,Breakout,Breakout,Other,Other,Other,2
NEWGEN,IT - Software/Consulting,SmallCap,Other,Breakout,Other,Breakout,Other,Other,Other,Other,Other,Other,2
NFL,Agrochem - Fertilizers,SmallCap,Other,Other,Breakout,Other,Other,Breakout,Other,Other,Other,Other,2
NH,Healthcare - Hospitals,SmallCap,Other,Other,Other,Other,Other,Other,Other,Other,Breakout,Other,1
NIBE,Defense - Mfg,SmallCap,Other,Other,Breakout,Breakout,Breakout,Other,Breakout,Other,Other,Other,4
NILKAMAL,Consumption - Homeware,SmallCap,Other,Other,Breakout,Other,Other,Other,Other,Other,Other,Other,1
NITCO,Infra - Ceramics/Granites,SmallCap,Other,Other,Other,Other,Other,Breakout,Other,Other,Other,Breakout,2
NITINSPIN,Textiles - Mfg (Spin/Yarn/Integrated),SmallCap,Other,Breakout,Breakout,Other,Other,Other,Other,Other,Other,Other,2
NIVABUPA,Financials - Gen Insurance,SmallCap,Other,Breakout,Other,Other,Other,Other,Other,Other,Other,Other,1
NOCIL,Chemicals - Specialty - Rubber,SmallCap,Other,Other,Other,Other,Other,Breakout,Other,Other,Other,Other,1
NORTHARC,Financials - NBFC,SmallCap,Breakout,Other,Other,Other,Other,Other,Breakout,Other,Breakout,Other,3
NRBBEARING,Industrial Products - Bearings,SmallCap,Other,Breakout,Breakout,Other,Other,Other,Other,Breakout,Other,Other,3
NTPCGREEN,Power - Green - IPP,MidCap,Other,Other,Other,Breakout,Other,Other,Other,Other,Other,Other,1
NUCLEUS,IT - Product - Software,SmallCap,Other,Other,Breakout,Breakout,Other,Other,Other,Other,Other,Other,2
NUVAMA,Financials - WMC,SmallCap,Other,Other,Other,Other,Breakout,Other,Other,Other,Breakout,Other,2
NUVOCO,Infra - Cement,SmallCap,Breakout,Other,Breakout,Other,Other,Other,Other,Other,Other,Other,2
NYKAA,IT - Platform - Ecommerce,MidCap,Other,Other,Breakout,Breakout,Other,Other,Other,Other,Other,Other,2
OBEROIRLTY,Real Estate,MidCap,Other,Other,Other,Other,Breakout,Breakout,Other,Other,Other,Other,2
OFSS,IT - Product - Software,MidCap,Other,Other,Other,Other,Other,Other,Breakout,Other,Other,Other,1
OIL,Oil and Gas - Upstream,MidCap,Other,Other,Other,Other,Other,Other,Breakout,Other,Other,Other,1
OMAXE,Real Estate,SmallCap,Other,Other,Other,Other,Other,Breakout,Other,Breakout,Other,Other,2
OMINFRAL,Infra - Water Infra,SmallCap,Other,Other,Breakout,Other,Other,Other,Other,Other,Other,Other,1
ONEPOINT,Tech - BPO,SmallCap,Other,Other,Breakout,Breakout,Other,Other,Other,Other,Other,Other,2
ONESOURCE,Healthcare - Formulations,SmallCap,Other,Other,Other,Other,Breakout,Other,Other,Breakout,Other,Other,2
ONGC,Oil and Gas - Upstream,LargeCap,Other,Other,Other,Other,Other,Other,Breakout,Breakout,Other,Other,2
OPTIEMUS,Telecom - Equipments,SmallCap,Other,Other,Other,Other,Other,Other,Other,Breakout,Other,Other,1
ORIENTHOT,Leisure - Hotels,SmallCap,Other,Breakdown,Breakout,Other,Other,Other,Other,Other,Other,Other,1
OSWALAGRO,Financials - Misc,SmallCap,Other,Other,Other,Other,Other,Other,Breakout,Other,Other,Other,1
PAGEIND,Textiles - Innerwear,MidCap,Other,Other,Breakout,Other,Other,Other,Other,Other,Breakout,Other,2
PANAMAPET,Petro - Lubricants,SmallCap,Other,Other,Other,Breakout,Other,Other,Other,Other,Other,Other,1
PARACABLES,Power - Wiring,SmallCap,Other,Other,Breakout,Other,Other,Other,Other,Other,Other,Other,1
PARAGMILK,Consumption - Dairy,SmallCap,Other,Breakout,Other,Other,Other,Other,Other,Other,Breakout,Other,2
PARKHOTELS,Leisure - Hotels,SmallCap,Other,Other,Other,Other,Other,Other,Breakout,Other,Other,Other,1
PDMJEPAPER,Paper - Speciality,SmallCap,Other,Other,Other,Other,Other,Breakout,Other,Other,Breakout,Other,2
PEL,Financials - NBFC,SmallCap,Other,Breakout,Other,Other,Other,Other,Other,Other,Other,Other,1
PENIND,Industial Products - Precision Components,SmallCap,Other,Other,Other,Breakout,Other,Breakout,Other,Other,Other,Other,2
PFIZER,Healthcare - Formulations,SmallCap,Other,Other,Other,Breakout,Other,Other,Other,Other,Other,Other,1
PFOCUS,Media - Entertainment,SmallCap,Breakout,Other,Other,Other,Other,Breakout,Breakout,Other,Breakout,Breakout,5
PGHL,Healthcare - Naturals/OTC/Consumers,SmallCap,Other,Other,Other,Other,Breakout,Other,Other,Other,Other,Other,1
PIDILITIND,Chemicals - Specialty - FMCG,LargeCap,Other,Other,Breakout,Other,Breakout,Other,Other,Other,Other,Other,2
PIIND,Agrochem - Pesticides,MidCap,Other,Other,Other,Other,Other,Other,Other,Breakout,Other,Other,1
PILANIINVS,Financials - Holding/Investing,SmallCap,Other,Other,Other,Other,Other,Breakout,Other,Other,Breakout,Other,2
PLATIND,Chemicals - Specialty - Plastics,SmallCap,Other,Other,Other,Other,Other,Breakout,Other,Other,Other,Other,1
PNB,Financials - PSU Bank,LargeCap,Other,Other,Other,Other,Other,Breakout,Other,Other,Other,Other,1
PNBGILTS,Financials - Misc,SmallCap,Other,Other,Other,Other,Other,Breakout,Other,Other,Other,Other,1
PNBHOUSING,Financials - Housing,SmallCap,Breakout,Other,Other,Other,Other,Other,Other,Other,Other,Other,1
PNCINFRA,Infra - Road & Highways,SmallCap,Other,Other,Breakout,Breakout,Other,Breakout,Other,Other,Other,Other,3
PNGJL,Consumption - Jewelry,SmallCap,Other,Other,Other,Other,Other,Other,Breakout,Other,Other,Other,1
POCL,Metals - Non Ferrous,SmallCap,Other,Other,Other,Other,Other,Other,Other,Other,Breakout,Other,1
POLYCAB,Power - Wiring,MidCap,Other,Breakout,Other,Other,Other,Other,Other,Other,Other,Other,1
POLYPLEX,Packaging - Flex,SmallCap,Other,Other,Other,Breakout,Other,Other,Other,Other,Other,Other,1
POONAWALLA,Financials - NBFC,SmallCap,Other,Other,Other,Other,Other,Other,Other,Other,Breakout,Other,1
POWERINDIA,Power - Equipment,MidCap,Other,Other,Other,Other,Breakout,Other,Other,Other,Other,Other,1
POWERMECH,Industial Products - Process Equipment & Fabrication,SmallCap,Other,Other,Other,Breakout,Other,Other,Other,Other,Other,Other,1
PRABHA,Oil and Gas - Upstream,SmallCap,Other,Other,Other,Other,Other,Other,Breakout,Other,Breakout,Other,2
PRECAM,Auto - Drivetrain,SmallCap,Other,Other,Other,Other,Breakout,Breakout,Other,Other,Other,Other,2
PRECWIRE,Metals - Copper,SmallCap,Other,Other,Breakout,Breakout,Other,Other,Other,Other,Other,Other,2
PREMEXPLN,Defense - Explosives,SmallCap,Breakout,Breakout,Breakout,Breakout,Other,Other,Other,Other,Other,Other,4
PRESTIGE,Real Estate,MidCap,Breakout,Other,Other,Other,Other,Breakout,Other,Other,Other,Other,2
PRINCEPIPE,Infra - Plastic Products,SmallCap,Other,Other,Other,Breakout,Breakout,Other,Breakout,Other,Other,Other,3
PRIVISCL,Chemicals - Specialty - FMCG,SmallCap,Breakout,Breakout,Breakout,Other,Other,Other,Other,Other,Other,Other,3
PRSMJOHNSN,Infra - Cement,SmallCap,Other,Other,Breakout,Other,Other,Other,Breakout,Other,Other,Breakout,3
PSPPROJECT,Infra - Residential & Commercial Buildings,SmallCap,Other,Other,Breakout,Other,Other,Other,Breakout,Breakout,Other,Other,3
PTCIL,Industrial Products - Precision Components,SmallCap,Other,Other,Other,Breakout,Other,Other,Other,Other,Other,Other,1
PUNJABCHEM,Agrochem - Pesticides,SmallCap,Breakout,Other,Other,Other,Other,Other,Other,Other,Other,Other,1
PURVA,Real Estate,SmallCap,Other,Other,Other,Other,Other,Breakout,Other,Other,Other,Other,1
PVRINOX,Media - Misc,SmallCap,Other,Other,Other,Other,Other,Breakout,Other,Other,Other,Other,1
QPOWER,Power - Equipment,SmallCap,Other,Other,Breakout,Breakout,Breakout,Other,Other,Other,Breakout,Other,4
QUICKHEAL,IT - Product - Software,SmallCap,Other,Other,Other,Other,Other,Breakout,Other,Other,Other,Breakout,2
RACLGEAR,Auto - Drivetrain,SmallCap,Other,Other,Breakout,Other,Other,Other,Other,Other,Other,Other,1
RADICO,Beverages - Alcohol,SmallCap,Other,Other,Other,Other,Other,Breakout,Other,Other,Other,Other,1
RAILTEL,Railways,SmallCap,Breakout,Other,Breakout,Other,Other,Breakout,Other,Other,Other,Other,3
RAIN,Chemicals - Petro,SmallCap,Other,Other,Other,Other,Other,Other,Breakout,Other,Other,Other,1
RALLIS,Agrochem - Pesticides,SmallCap,Other,Other,Breakout,Other,Breakout,Other,Other,Other,Other,Other,2
RAMCOCEM,Infra - Cement,SmallCap,Other,Other,Breakout,Breakout,Other,Other,Other,Other,Other,Other,2
RAMCOIND,Infra - Cement,SmallCap,Other,Other,Other,Other,Other,Other,Other,Other,Breakout,Other,1
RAMCOSYS,IT - Product - Software,SmallCap,Other,Other,Other,Breakout,Other,Other,Other,Other,Other,Other,1
RAMKY,Infra - Construction,SmallCap,Other,Other,Other,Other,Other,Other,Breakout,Other,Breakout,Other,2
RAMRAT,Power - Wiring,SmallCap,Other,Other,Breakout,Breakout,Breakout,Other,Other,Other,Other,Other,3
RATNAMANI,Metals - Pipe & Tube,SmallCap,Other,Other,Other,Other,Other,Other,Breakout,Other,Other,Other,1
RAYMONDLSL,Textiles - Fashion Retail,SmallCap,Other,Other,Other,Other,Other,Other,Other,Other,Breakout,Breakout,2
RBLBANK,Financials - Private Bank,SmallCap,Breakout,Other,Other,Other,Other,Other,Other,Other,Other,Other,1
RCF,Agrochem - Fertilizers,SmallCap,Other,Other,Breakout,Other,Other,Breakout,Other,Other,Other,Other,2
REFEX,Chemicals - Misc,SmallCap,Other,Other,Other,Other,Other,Breakout,Other,Other,Other,Other,1
RELAXO,Consumption - Footwear,SmallCap,Other,Other,Other,Breakout,Other,Other,Other,Other,Other,Other,1
RELIANCE,Refineries & Marketing,LargeCap,Breakout,Other,Other,Other,Other,Other,Other,Other,Other,Other,1
RELINFRA,Power - Integrated Utility,SmallCap,Other,Other,Other,Breakout,Breakout,Breakout,Other,Other,Other,Other,3
RELTD,Power - Green - Misc,SmallCap,Other,Breakdown,Other,Other,Breakout,Other,Other,Other,Other,Other,1
REPCOHOME,Financials - Housing,SmallCap,Other,Other,Other,Other,Other,Other,Breakout,Other,Other,Other,1
RESPONIND,Infra - Plastic Products,SmallCap,Other,Other,Other,Other,Other,Other,Breakout,Other,Other,Breakout,2
RHIM,Metals - Foundry Support,SmallCap,Other,Other,Other,Other,Other,Other,Breakout,Other,Other,Other,1
RICOAUTO,Auto - Drivetrain,SmallCap,Other,Other,Other,Other,Breakout,Breakout,Other,Other,Other,Other,2
RIIL,Transport - Misc,SmallCap,Other,Other,Breakout,Other,Other,Breakout,Breakout,Other,Other,Other,3
RITES,Railways,SmallCap,Other,Other,Breakout,Other,Other,Breakout,Other,Other,Other,Other,2
RML,Auto - Drivetrain,SmallCap,Other,Other,Other,Other,Other,Other,Other,Breakout,Other,Other,1
ROLEXRINGS,Auto - Drivetrain,SmallCap,Other,Other,Other,Other,Breakout,Other,Other,Other,Other,Other,1
ROSSTECH,Defense - Technology & Electronics,SmallCap,Other,Other,Other,Other,Other,Other,Other,Other,Other,Breakout,1
ROTO,Industrial - Pumps/Engines,SmallCap,Other,Other,Other,Other,Other,Other,Breakout,Other,Other,Other,1
ROUTE,IT - Gaming/Entertainment,SmallCap,Other,Other,Other,Other,Other,Other,Breakout,Other,Other,Other,1
RPGLIFE,Healthcare - Formulations,SmallCap,Other,Other,Other,Other,Other,Other,Breakout,Breakout,Other,Other,2
RPOWER,Power - Generation,SmallCap,Other,Other,Breakout,Breakout,Breakout,Breakout,Breakout,Other,Other,Other,5
RPSGVENT,Tech - BPO,SmallCap,Other,Other,Other,Breakout,Other,Breakout,Other,Other,Other,Other,2
RRKABEL,Power - Wiring,SmallCap,Other,Breakout,Other,Other,Other,Other,Other,Other,Other,Other,1
RSYSTEMS,IT - Services,SmallCap,Other,Other,Other,Other,Other,Other,Breakout,Other,Breakout,Other,2
RTNINDIA,IT - Platform - Ecommerce,SmallCap,Other,Other,Other,Other,Other,Other,Breakout,Other,Breakout,Other,2
RUPA,Textiles - Innerwear,SmallCap,Other,Other,Other,Breakout,Other,Other,Other,Other,Other,Other,1
RUSTOMJEE,Real Estate,SmallCap,Other,Other,Other,Other,Other,Other,Breakout,Other,Other,Breakout,2
RVNL,Railways,MidCap,Other,Other,Breakout,Other,Other,Breakout,Other,Other,Other,Other,2
SABTNL,Media - TV Broadcast,SmallCap,Other,Other,Other,Other,Other,Other,Other,Breakout,Breakout,Other,2
SAGCEM,Infra - Cement,SmallCap,Other,Other,Other,Breakout,Other,Other,Other,Other,Other,Other,1
SAILIFE,Healthcare - CRAMS/CDMO,SmallCap,Other,Other,Other,Other,Other,Other,Other,Other,Other,Breakout,1
SAKSOFT,IT - Software/Consulting,SmallCap,Other,Other,Breakout,Other,Breakout,Other,Other,Other,Other,Breakout,3
SAMMAANCAP,Financials - Housing,SmallCap,Other,Other,Other,Other,Other,Other,Breakout,Other,Breakout,Other,2
SANDHAR,Auto - Electricals & Electronics,SmallCap,Other,Other,Other,Breakout,Breakout,Other,Other,Breakout,Other,Other,3
SANDUMA,Mining - Coal/Minerals,SmallCap,Other,Breakout,Other,Other,Other,Other,Other,Other,Other,Other,1
SANGAMIND,Textiles - Mfg (Spin/Yarn/Integrated),SmallCap,Other,Other,Breakout,Other,Other,Other,Other,Other,Breakout,Other,2
SANGHIIND,Infra - Cement,SmallCap,Other,Other,Other,Other,Other,Other,Other,Other,Breakout,Other,1
SANGHVIMOV,Auto - Construction,SmallCap,Other,Other,Breakout,Other,Other,Other,Other,Other,Other,Other,1
SANSERA,Auto - Suspension & Axles,SmallCap,Other,Other,Other,Other,Breakout,Other,Other,Other,Other,Other,1
SANSTAR,Agri - Misc,SmallCap,Other,Other,Other,Other,Other,Other,Other,Other,Breakout,Other,1
SAREGAMA,Media - Entertainment,SmallCap,Other,Other,Other,Other,Other,Breakout,Other,Other,Other,Other,1
SATIN,Financials - MFI,SmallCap,Other,Breakout,Other,Other,Other,Other,Other,Other,Other,Other,1
SATINDLTD,Financials - Holding/Investing,SmallCap,Other,Other,Other,Other,Other,Other,Breakout,Breakout,Other,Other,2
SBCL,Electronics - Components,SmallCap,Other,Other,Other,Other,Other,Other,Other,Other,Breakout,Other,1
SBICARD,Financials - NBFC,MidCap,Other,Other,Other,Other,Other,Breakout,Other,Other,Other,Other,1
SBILIFE,Financials - Life,LargeCap,Other,Other,Other,Other,Other,Other,Other,Other,Breakout,Other,1
SCHNEIDER,Power - Equipment,SmallCap,Other,Other,Other,Other,Breakout,Other,Other,Other,Other,Other,1
SCI,Transport - Shipping,SmallCap,Other,Other,Breakout,Breakout,Other,Other,Breakout,Other,Other,Other,3
SCILAL,Financials - Holding/Investing,SmallCap,Other,Other,Other,Other,Other,Other,Breakout,Other,Other,Other,1
SDBL,Beverages - Alcohol,SmallCap,Other,Other,Other,Breakout,Other,Other,Other,Other,Other,Other,1
SELAN,Oil and Gas - Upstream,SmallCap,Other,Other,Other,Other,Other,Breakout,Breakout,Other,Other,Other,2
SEQUENT,Healthcare - Animals,SmallCap,Other,Breakout,Breakout,Other,Other,Other,Other,Other,Other,Other,2
SERVOTECH,Electronics - Components,SmallCap,Other,Other,Other,Other,Other,Breakout,Other,Other,Other,Other,1
SESHAPAPER,Paper,SmallCap,Other,Other,Other,Breakout,Other,Other,Other,Breakout,Other,Other,2
SFL,"Furniture, Home Furnishing",SmallCap,Other,Other,Other,Other,Other,Other,Other,Breakout,Other,Other,1
SGLTL,Industial Products - Glasslined Equipments,SmallCap,Other,Other,Other,Other,Breakout,Breakout,Other,Other,Other,Other,2
SHAILY,Industrial Products - Plastic,SmallCap,Other,Other,Other,Other,Breakout,Other,Other,Other,Other,Other,1
SHAKTIPUMP,Industrial - Pumps/Engines,SmallCap,Other,Other,Other,Other,Other,Other,Breakout,Other,Other,Other,1
SHANKARA,Infra - Retail,SmallCap,Other,Breakout,Breakout,Breakout,Other,Breakout,Breakout,Other,Other,Other,5
SHANTIGEAR,Auto - Drivetrain,SmallCap,Other,Other,Other,Other,Other,Other,Breakout,Other,Other,Other,1
SHARDACROP,Agrochem - Pesticides,SmallCap,Other,Other,Breakout,Breakout,Breakout,Breakout,Other,Other,Other,Other,4
SHARDAMOTR,Auto - Electricals & Electronics,SmallCap,Other,Other,Other,Other,Other,Other,Other,Other,Other,Breakout,1
SHAREINDIA,Financials - Broking,SmallCap,Other,Other,Other,Other,Other,Other,Breakout,Other,Other,Other,1
SHILPAMED,Healthcare - CRAMS/CDMO,SmallCap,Other,Other,Other,Other,Breakout,Other,Breakout,Other,Other,Other,2
SHK,Consumption - Personal,SmallCap,Other,Other,Other,Breakout,Other,Other,Other,Other,Other,Other,1
SHREECEM,Infra - Cement,LargeCap,Other,Other,Breakout,Other,Other,Other,Other,Breakdown,Other,Other,1
SHREEPUSHK,Chemicals - Dyes,SmallCap,Other,Other,Other,Other,Other,Breakout,Other,Other,Other,Breakout,2
SHRIPISTON,Auto - Drivetrain,SmallCap,Other,Breakout,Breakout,Other,Other,Other,Other,Other,Other,Other,2
SHRIRAMPPS,Real Estate,SmallCap,Other,Other,Other,Other,Breakout,Other,Other,Other,Other,Other,1
SHYAMMETL,Metals - Iron & Steel,SmallCap,Other,Other,Breakout,Other,Breakdown,Other,Other,Other,Other,Other,1
SIGACHI,Healthcare - API/Drug,SmallCap,Other,Other,Other,Other,Breakout,Breakout,Breakout,Other,Other,Other,3
SIGNPOST,Media - Misc,SmallCap,Other,Other,Other,Breakdown,Breakdown,Breakdown,Other,Other,Other,Breakout,1
SIRCA,Consumption - Paints,SmallCap,Other,Other,Other,Breakout,Breakout,Breakout,Breakout,Other,Other,Other,4
SIS,HR Services / Outsourcing & Workplace Solutions,SmallCap,Other,Other,Other,Breakout,Other,Breakout,Other,Other,Other,Other,2
SIYSIL,Textiles - Mfg (Spin/Yarn/Integrated),SmallCap,Other,Other,Other,Breakout,Other,Other,Other,Other,Other,Other,1
SJS,Auto - Wheels ,SmallCap,Other,Breakout,Other,Other,Other,Other,Breakout,Other,Other,Other,2
SJVN,Power - Generation,MidCap,Other,Other,Breakout,Other,Other,Other,Other,Other,Other,Other,1
SKFINDIA,Industrial Products - Bearings,SmallCap,Other,Other,Breakout,Other,Other,Breakout,Other,Other,Other,Breakout,3
SKIPPER,Power - Equipment,SmallCap,Breakout,Other,Other,Other,Other,Other,Breakout,Other,Other,Other,2
SKYGOLD,Consumption - Jewelry,SmallCap,Other,Breakdown,Other,Other,Breakout,Other,Other,Other,Other,Other,1
SMCGLOBAL,Financials - Broking,SmallCap,Other,Other,Other,Other,Other,Breakout,Breakout,Other,Breakout,Other,3
SMLISUZU,Auto - CV,SmallCap,Other,Other,Other,Other,Other,Other,Other,Other,Breakout,Breakout,2
SNOWMAN,Transport - Cold chain,SmallCap,Other,Other,Other,Breakout,Other,Other,Breakout,Other,Other,Other,2
SOBHA,Real Estate,SmallCap,Other,Other,Other,Other,Breakout,Breakout,Other,Other,Other,Other,2
SOLARA,Healthcare - API/Drug,SmallCap,Other,Other,Breakdown,Other,Other,Other,Other,Breakout,Breakout,Other,2
SOLARINDS,Defense - Explosives,MidCap,Other,Other,Breakout,Breakout,Breakout,Other,Other,Other,Other,Other,3
SOMANYCERA,Infra - Ceramics/Granites,SmallCap,Other,Other,Breakout,Other,Other,Other,Breakout,Other,Other,Other,2
SONATSOFTW,IT - Software/Consulting,SmallCap,Breakout,Other,Other,Other,Other,Other,Other,Other,Other,Other,1
SOTL,Petro - Lubricants,SmallCap,Other,Other,Other,Other,Other,Breakout,Other,Other,Other,Other,1
SPAL,Textiles - Exports,SmallCap,Other,Breakout,Other,Other,Other,Other,Other,Other,Other,Other,1
SPARC,Healthcare - CRAMS/CDMO,SmallCap,Other,Other,Other,Other,Breakout,Other,Other,Other,Other,Other,1
SPIC,Agrochem - Fertilizers,SmallCap,Other,Other,Breakout,Other,Other,Other,Other,Other,Other,Other,1
SPLPETRO,Chemicals - Petro,SmallCap,Other,Breakout,Other,Other,Other,Other,Other,Other,Breakout,Other,2
SPMLINFRA,Infra - Water Infra,SmallCap,Other,Other,Other,Other,Other,Other,Breakout,Breakout,Breakout,Other,3
SPORTKING,Textiles - Mfg (Spin/Yarn/Integrated),SmallCap,Breakout,Breakout,Breakout,Other,Other,Other,Other,Other,Other,Other,3
SRHHYPOLTD,Chemicals - Bulk,SmallCap,Other,Other,Other,Other,Other,Breakout,Breakout,Other,Other,Other,2
SSWL,Auto - Wheels ,SmallCap,Other,Breakout,Breakout,Breakout,Other,Other,Other,Breakout,Other,Other,4
STANLEY,"Furniture, Home Furnishing",SmallCap,Other,Other,Breakout,Other,Other,Other,Other,Other,Other,Other,1
STAR,Healthcare - Formulations - Generic,SmallCap,Other,Other,Other,Breakout,Breakout,Other,Other,Other,Other,Other,2
STARHEALTH,Financials - Gen Insurance,MidCap,Other,Other,Breakout,Other,Other,Other,Other,Other,Other,Other,1
STEELCAS,Metals - Casting/Forging,SmallCap,Other,Other,Other,Other,Other,Breakout,Breakout,Other,Other,Other,2
STERTOOLS,Auto - Drivetrain,SmallCap,Other,Other,Other,Other,Other,Breakout,Other,Other,Other,Other,1
STLTECH,Telecom - Equipments,SmallCap,Other,Other,Other,Other,Other,Other,Other,Breakout,Other,Other,1
STYRENIX,Chemicals - Specialty - Plastics,SmallCap,Other,Other,Other,Other,Breakout,Breakout,Breakout,Other,Other,Other,3
SUBROS,Auto - HVAC/Emotors,SmallCap,Other,Other,Other,Breakout,Breakout,Other,Breakout,Breakout,Other,Other,4
SUDARSCHEM,Chemicals - Dyes,SmallCap,Other,Other,Other,Other,Other,Other,Breakout,Other,Other,Other,1
SULA,Beverages - Alcohol,SmallCap,Other,Other,Other,Other,Other,Other,Breakout,Other,Other,Other,1
SUNCLAY,Auto - Drivetrain,SmallCap,Other,Other,Breakout,Other,Other,Other,Other,Other,Other,Other,1
SUNDARMHLD,Financials - Insurance & Lending,SmallCap,Other,Other,Other,Other,Other,Other,Breakout,Other,Breakout,Other,2
SUNFLAG,Metals - Iron & Steel,SmallCap,Other,Other,Breakout,Other,Other,Breakout,Other,Other,Breakout,Breakout,4
SUNTECK,Real Estate,SmallCap,Other,Other,Other,Breakout,Other,Breakout,Other,Other,Other,Other,2
SUPRAJIT,Auto - Electricals & Batteries,SmallCap,Other,Other,Breakout,Other,Other,Breakout,Other,Other,Other,Other,2
SUPREMEIND,Industrial Products - Plastic,MidCap,Other,Other,Other,Breakout,Breakout,Other,Other,Other,Other,Other,2
SURAJEST,Real Estate,SmallCap,Other,Other,Other,Other,Other,Breakout,Other,Other,Other,Other,1
SURYAROSNI,Metals - Pipe & Tube,SmallCap,Other,Other,Breakout,Breakout,Other,Other,Other,Other,Other,Other,2
SUVEN,Healthcare - CRAMS/CDMO,SmallCap,Other,Breakout,Breakout,Breakout,Other,Other,Other,Other,Other,Other,3
SUZLON,Power - Green Equipment,MidCap,Other,Other,Other,Other,Breakout,Other,Other,Other,Other,Other,1
SWIGGY,IT - Platform - Ecommerce,LargeCap,Other,Other,Other,Other,Other,Breakout,Other,Breakout,Other,Other,2
SWSOLAR,Power - Green - EPC,SmallCap,Other,Other,Other,Other,Other,Other,Breakout,Other,Other,Other,1
SYMPHONY,Consumption - Appliances,SmallCap,Other,Breakout,Other,Other,Other,Other,Other,Other,Other,Other,1
SYRMA,Electronics - EMS,SmallCap,Other,Other,Breakout,Other,Other,Other,Other,Other,Other,Other,1
TALBROAUTO,Auto - Body,SmallCap,Other,Other,Other,Breakout,Other,Other,Other,Other,Other,Other,1
TANLA,IT - Product - Software,SmallCap,Other,Other,Breakout,Other,Other,Other,Breakout,Other,Other,Other,2
TARC,Real Estate,SmallCap,Other,Other,Other,Other,Other,Breakout,Other,Other,Other,Other,1
TATACHEM,Chemicals - Bulk,SmallCap,Other,Other,Other,Other,Other,Breakout,Other,Other,Other,Other,1
TATACOMM,Telecom - Mobile/FixedLine,MidCap,Other,Other,Other,Other,Other,Other,Other,Other,Other,Breakout,1
TATAINVEST,Financials - Holding/Investing,MidCap,Other,Other,Other,Other,Breakout,Breakout,Other,Other,Other,Other,2
TATAMOTORS,Auto - Cars/UVs,LargeCap,Other,Breakout,Breakout,Other,Other,Other,Other,Other,Other,Other,2
TATAPOWER,Power - Integrated Utility,LargeCap,Other,Other,Breakout,Other,Other,Other,Other,Other,Other,Other,1
TATVA,Chemicals - Specialty - Pharma,SmallCap,Other,Breakout,Other,Breakout,Other,Other,Other,Other,Other,Other,2
TBOTEK,IT - Platform - Tour & Travel,SmallCap,Other,Other,Other,Breakout,Other,Other,Other,Other,Other,Other,1
TCIEXP,Transport - Logistics,SmallCap,Other,Other,Other,Other,Other,Breakout,Other,Other,Other,Other,1
TDPOWERSYS,Power - Equipment,SmallCap,Other,Other,Breakout,Other,Breakout,Other,Other,Other,Other,Other,2
TEAMLEASE,HR Services / Outsourcing & Workplace Solutions,SmallCap,Other,Other,Other,Breakout,Other,Other,Other,Other,Other,Other,1
TECHNOE,Industial Products - Power Transmission & Distribution,SmallCap,Other,Other,Other,Other,Breakout,Other,Other,Other,Other,Other,1
TEGA,Industial Products - Material Handling/Mining,SmallCap,Other,Other,Other,Other,Breakout,Other,Other,Other,Other,Other,1
TEXINFRA,Railways,SmallCap,Other,Other,Other,Other,Other,Breakout,Other,Other,Other,Other,1
TEXRAIL,Railways,SmallCap,Other,Other,Breakout,Other,Other,Breakout,Other,Other,Breakout,Other,3
TFCILTD,Financials - Institute - Infra,SmallCap,Breakout,Other,Other,Other,Breakout,Other,Other,Other,Other,Other,2
THEJO,Industial Products - Material Handling/Mining,SmallCap,Other,Other,Breakout,Other,Other,Other,Other,Other,Other,Other,1
THERMAX,Power - Equipment,MidCap,Other,Other,Other,Other,Other,Other,Breakout,Other,Other,Other,1
THOMASCOOK,IT - Platform - Tour & Travel,SmallCap,Other,Other,Other,Breakout,Other,Other,Other,Other,Other,Other,1
TI,Beverages - Alcohol,SmallCap,Other,Other,Breakout,Other,Other,Other,Breakout,Other,Other,Other,2
TIIL,Metals - Casting/Forging,SmallCap,Other,Other,Other,Other,Breakout,Other,Other,Other,Other,Other,1
TIINDIA,Auto - Forgings,MidCap,Other,Other,Other,Other,Other,Other,Other,Other,Breakout,Other,1
TIL,Industial Products - Material Handling/Mining,SmallCap,Other,Other,Other,Breakout,Breakout,Other,Other,Other,Other,Other,2
TIMETECHNO,Industrial Products - Plastic,SmallCap,Other,Other,Other,Other,Other,Other,Breakout,Other,Other,Other,1
TIMKEN,Industrial Products - Bearings,SmallCap,Other,Breakout,Other,Other,Other,Other,Other,Other,Other,Other,1
TIPSMUSIC,Media - Entertainment,SmallCap,Other,Other,Other,Other,Other,Breakout,Other,Other,Other,Other,1
TIRUMALCHM,Chemicals - Petro,SmallCap,Other,Other,Other,Other,Other,Other,Other,Breakout,Other,Other,1
TITAGARH,Railways,SmallCap,Other,Other,Breakout,Other,Other,Other,Other,Other,Other,Other,1
TITAN,Consumption - Jewelry,LargeCap,Other,Other,Other,Other,Other,Other,Other,Other,Breakout,Other,1
TNPL,Paper - Speciality,SmallCap,Other,Other,Breakout,Other,Other,Other,Other,Other,Other,Other,1
TORNTPHARM,Healthcare - Formulations,LargeCap,Other,Other,Other,Other,Other,Other,Other,Other,Breakout,Other,1
TRANSRAILL,Industial Products - Power Transmission & Distribution,SmallCap,Other,Other,Other,Other,Breakout,Breakout,Other,Other,Other,Breakout,3
TRENT,Consumption - Retail,LargeCap,Other,Other,Other,Other,Other,Other,Other,Breakout,Other,Other,1
TRIVENI,Agri - Sugar,SmallCap,Other,Other,Other,Other,Breakout,Other,Other,Other,Other,Other,1
TTML,Telecom - Mobile/FixedLine,SmallCap,Other,Other,Other,Breakout,Other,Other,Other,Other,Other,Other,1
TVSHLTD,Auto - Electricals & Batteries,SmallCap,Other,Other,Breakout,Other,Other,Other,Other,Other,Other,Other,1
TVSSRICHAK,Auto - Tyres,SmallCap,Other,Other,Other,Other,Other,Other,Breakout,Other,Other,Breakout,2
UDS,HR Services / Outsourcing & Workplace Solutions,SmallCap,Other,Other,Other,Breakout,Other,Other,Other,Other,Other,Other,1
UFLEX,Packaging - Flex,SmallCap,Other,Other,Breakout,Other,Other,Other,Other,Other,Other,Other,1
UNIMECH,Defense - Mfg,SmallCap,Other,Other,Breakout,Other,Breakout,Other,Other,Other,Other,Other,2
UNIONBANK,Financials - PSU Bank,MidCap,Other,Other,Other,Other,Other,Breakout,Other,Other,Other,Other,1
UNIPARTS,Industial Products - Material Handling/Mining,SmallCap,Other,Other,Other,Other,Other,Other,Breakout,Other,Other,Other,1
UNITDSPR,Beverages - Alcohol,LargeCap,Other,Other,Other,Breakout,Other,Breakout,Other,Other,Breakdown,Other,2
UNIVCABLES,Power - Wiring,SmallCap,Other,Other,Breakout,Breakout,Other,Other,Other,Other,Other,Other,2
UNOMINDA,Auto - Electricals & Batteries,MidCap,Other,Other,Other,Other,Other,Breakout,Other,Other,Other,Other,1
USHAMART,Metals - Wires,SmallCap,Other,Other,Other,Other,Other,Other,Other,Other,Breakout,Other,1
UTIAMC,Financials - AMC,SmallCap,Other,Other,Other,Breakout,Other,Breakout,Breakout,Breakout,Other,Other,4
VALIANTORG,Chemicals - Specialty - Diversified,SmallCap,Other,Other,Other,Other,Breakout,Other,Other,Other,Other,Other,1
VARROC,Auto - Lighting & Electronics,SmallCap,Other,Other,Other,Other,Other,Breakout,Other,Other,Other,Other,1
VASCONEQ,Infra - Residential & Commercial Buildings,SmallCap,Other,Other,Breakout,Other,Other,Other,Other,Other,Other,Other,1
VEEDOL,Petro - Lubricants,SmallCap,Other,Other,Breakout,Other,Breakout,Other,Other,Other,Other,Other,2
VENUSPIPES,Metals - Pipe & Tube,SmallCap,Other,Other,Other,Breakout,Other,Other,Other,Other,Other,Other,1
VESUVIUS,Metals - Foundry Support,SmallCap,Other,Breakout,Other,Other,Breakout,Other,Other,Other,Other,Other,2
VGUARD,Consumption - Appliances,SmallCap,Other,Breakout,Breakout,Breakout,Other,Other,Other,Other,Other,Other,3
VINATIORGA,Chemicals - Specialty - Pharma,SmallCap,Other,Other,Breakout,Breakout,Other,Other,Breakout,Other,Other,Other,3
VINCOFE,Agri - Tea/Coffee,SmallCap,Other,Other,Other,Breakout,Breakout,Breakout,Other,Other,Other,Breakout,4
VINDHYATEL,Telecom - Infra,SmallCap,Other,Other,Other,Breakout,Other,Other,Other,Other,Other,Other,1
VIPIND,Consumption - Luggage,SmallCap,Other,Other,Breakout,Other,Other,Other,Breakout,Other,Other,Other,2
VISHNU,Chemicals - Specialty - Diversified,SmallCap,Other,Other,Breakout,Breakout,Breakout,Other,Breakout,Other,Other,Other,4
VMART,Consumption - Retail,SmallCap,Breakout,Breakout,Other,Other,Other,Other,Other,Other,Other,Other,2
VMM,Consumption - Retail,MidCap,Breakout,Other,Other,Other,Other,Other,Other,Breakout,Other,Other,2
VOLTAMP,Power - Equipment,SmallCap,Other,Other,Other,Other,Other,Breakout,Other,Other,Other,Other,1
VRLLOG,Transport - Logistics,SmallCap,Other,Other,Breakout,Breakout,Other,Other,Other,Other,Other,Other,2
VSTTILLERS,Auto - Tractors,SmallCap,Other,Other,Other,Other,Other,Other,Other,Other,Other,Breakout,1
WABAG,Water Supply & Management,SmallCap,Other,Other,Other,Breakout,Other,Other,Other,Other,Other,Other,1
WALCHANNAG,Industial Products - Process Equipment & Fabrication,SmallCap,Other,Other,Breakout,Other,Breakout,Breakout,Other,Other,Other,Other,3
WCIL,Transport - Logistics,SmallCap,Other,Other,Other,Breakout,Breakout,Breakout,Other,Other,Breakout,Other,4
WEALTH,Financials - WMC,SmallCap,Other,Other,Other,Other,Other,Breakout,Breakout,Other,Other,Other,2
WEL,Consumption - Appliances,SmallCap,Other,Other,Other,Other,Breakout,Other,Other,Other,Other,Other,1
WELCORP,Metals - Pipe & Tube,SmallCap,Other,Other,Other,Other,Breakout,Breakout,Other,Other,Other,Other,2
WELENT,Infra - Road & Highways,SmallCap,Other,Other,Breakout,Other,Other,Breakout,Other,Other,Other,Other,2
WELSPUNLIV,Textiles - Mfg (Spin/Yarn/Integrated),SmallCap,Other,Breakout,Other,Other,Other,Other,Other,Other,Other,Other,1
WHEELS,Auto - Wheels ,SmallCap,Other,Other,Other,Breakout,Other,Other,Other,Other,Breakout,Breakout,3
WHIRLPOOL,Consumption - Appliances,SmallCap,Breakout,Other,Other,Other,Other,Other,Other,Other,Other,Other,1
WINDMACHIN,Industial Products - Machinery,SmallCap,Other,Breakout,Breakout,Other,Other,Other,Breakout,Other,Other,Other,3
WOCKPHARMA,Healthcare - Formulations,SmallCap,Other,Other,Other,Other,Other,Breakout,Breakout,Other,Other,Other,2
XCHANGING,IT - Software/Consulting,SmallCap,Other,Other,Other,Breakout,Other,Other,Other,Other,Other,Other,1
YASHO,Chemicals - Specialty - Rubber,SmallCap,Other,Other,Other,Breakout,Other,Breakout,Other,Other,Breakout,Other,3
YATHARTH,Healthcare - Hospitals,SmallCap,Other,Other,Other,Other,Other,Other,Other,Other,Other,Breakout,1
YATRA,IT - Platform - Tour & Travel,SmallCap,Other,Other,Breakout,Other,Other,Other,Other,Other,Other,Other,1
YUKEN,Industrial - Pumps/Engines,SmallCap,Other,Other,Other,Breakout,Other,Other,Other,Breakout,Other,Other,2
ZAGGLE,IT - Services,SmallCap,Other,Other,Breakout,Other,Other,Other,Other,Other,Other,Other,1
ZEEL,Media - TV Broadcast,SmallCap,Other,Other,Other,Other,Other,Other,Breakout,Other,Breakout,Other,2
ZENSARTECH,IT - Enterprise,SmallCap,Other,Other,Other,Breakout,Other,Other,Other,Other,Other,Other,1
ZENTEC,Defense - Technology & Electronics,SmallCap,Other,Other,Other,Breakout,Other,Other,Other,Other,Other,Other,1
ZFCVINDIA,Auto - Suspension & Axles,SmallCap,Other,Other,Other,Other,Other,Breakout,Other,Other,Other,Other,1
ZOTA,Healthcare - Naturals/OTC/Consumers,SmallCap,Other,Other,Breakout,Other,Other,Other,Other,Other,Other,Breakout,2
ZYDUSWELL,Consumption - FMCG Conglomerates ,SmallCap,Other,Other,Other,Breakout,Other,Other,Other,Breakout,Other,Other,2
